item1,item2,item3,item4,item5,item6
-1.7197287241207286,-0.46743216432604223,0.8084533670039618,0.08670040788830069,-1.2861856555331705,-0.6312546739932535
1.4382267161170066,-1.9436358911514173,-1.03233932746637,-0.961621972807958,-1.1357497635547893,-2.6805968259421302
1.6118968618627294,0.44083060667267354,-0.35516690983731614,0.8995787666502248,-1.7239031837349523,-0.23518578441832372
0.2340087717915758,0.5775717905982645,0.051687663448344856,-1.7193479177359134,0.31642972248544615,1.4754952085991397
-0.4055607640555913,0.05188319117976409,0.42591373254899434,-0.9096183613295525,1.0312086360686417,0.5413172162795097
-1.5293155315336284,-1.8972076098933606,-1.841987951744625,-1.9621791428830995,-0.07595669819759188,-1.1999921300075367
1.8038891781213253,1.449227056599642,1.686111939990255,1.1818769574277492,2.6330118859687044,0.6757874188636139
0.4407267290999537,0.06242272796880846,0.345949813561652,0.8619818209102358,-0.7630638600037828,0.5913028652124819
0.08222062014583878,-0.4515947845711149,0.6513317847752842,1.4593510952562623,0.7049474582908007,1.6404150699904074
-0.6834475297066063,0.38789990103160016,-0.40807335874612005,-0.7792663304254166,-0.412989786470229,-0.6566023729770394
1.1593266039365073,-0.23089784169786975,1.6381180157101403,0.5896412475186653,0.0408134918674965,2.0317615426676907
-0.7903471443821096,1.2741671331650744,1.0039808755457056,-0.7870379515982935,-2.088026807725931,-1.3396048528368603
1.0199500183101171,1.1844862290361102,0.8907758467856599,-0.08947749868355945,1.2548359287018056,-0.5980610946863829
0.7931072323045197,0.4341514571736296,0.7578937810339051,1.1765682104358155,-0.019750586769921197,0.6554304660404223
2.0556985522705937,1.1085749083214589,1.325169323563916,2.103169652665657,3.0851491641695414,1.2850293040174119
-0.6777254782971811,-2.6287583564918267,-1.4833392252473039,-2.86313284032619,-1.6334810310344707,-0.4054542838932361
0.351420259325417,-1.6616703044182726,1.168502697630101,-0.07835592034693377,1.697954624651292,-2.4006688278976496
-1.8886286406974802,-3.3123703924785834,-3.8459825035432873,-0.08931581759589768,-0.4809104619463658,-2.2506030348889574
1.7120090619056079,-0.4637368769340259,0.7165152606568903,0.6705641275568995,1.2689051848837247,0.21836246713329543
0.08799289165849211,-1.6501636392085808,0.10017140187911078,-1.188390003833668,-0.3490038367499231,0.5303903502689559
3.507198755429548,1.3894834276774837,1.1362769212341595,1.9355993844770751,2.7385969029606576,0.9150817757893717
2.013055892255285,0.670600890896703,0.045892209647641374,0.8056565927732698,0.223004908403027,0.84497372017756045
-0.20790379205143117,0.6874436001312172,-1.2550529124672356,-0.7810293559727104,-0.5780316745900211,-1.6972367348828727
1.3774921785687306,1.252594647058257,1.8145107299646979,-0.4449077030176547,-0.5492700175077205,-0.31782518252762837
1.1944556534372368,-0.20793895195032847,-0.48728646880745885,0.6330685991229801,-0.23461617973543725,0.6667909948128687
0.8131773212833897,2.7070403520805897,2.877552231860141,1.2957017542942417,1.9060565482260343,1.716368229142927
-1.4583105941312746,-0.04767477676445897,1.4478206575866688,0.001272182222520235,0.2529055540199857,0.24747161315760632
0.4525546744561191,1.2741256268172225,-0.3637818489936912,-0.7884842694145824,-1.5314091736134845,-0.6516682789564046
-0.9278962584599149,-0.049821507751836025,-0.06165303544935263,0.21284517389642604,-1.2126292454979826,-0.33213299588637024
1.8224549367063696,-1.291097415979174,0.8892276760480797,1.2863762385416218,0.6020971106195206,1.267369340725235
1.349890166894904,-0.7485727619979045,-2.632499480680507,-1.505162446665306,0.4732876841731678,-1.4645511170598762
-0.8446965595736599,-0.8305764759442905,0.42056107673710075,0.44904763629500066,-0.7100093999661705,-0.42788168438320023
0.7656480238217328,1.8547427409210369,1.4592045551939687,0.7449063645306528,2.949615567424091,0.7681262627944492
-2.1332844855805058,-1.99734269353539,-0.999210828570821,-0.8544717601967258,0.539706111576589,-1.4782576609376066
0.11081098347809003,0.7005802391416416,-1.058831676850221,0.9592578961649185,-0.7840194271221612,0.5572697877108278
-1.279363007401991,-0.7175605198929766,-0.6459471265826626,-0.9586775435963681,-2.3692256458209497,-0.761666379090161
1.045058779518953,-0.18236754731530247,1.7052758501585854,0.6891417973682239,-0.3677188468145739,-0.807698059861911
0.061032515297530954,0.9658235497608356,-1.9088678042982046,-0.9314184827018509,0.2763993449085276,-0.015266364613888528
0.6566039713912577,1.300401539407065,-0.7039269100508393,1.4472341235776613,-0.07685694698771461,0.1291235534823065
-0.7083470640509266,-0.01892382086640655,0.7632647723884276,-0.5217689460394062,0.15852719484378283,-0.20784495802319888
-3.2954560957124515,-0.9703091951542268,-0.5262613794791817,0.19578533500225281,1.42016140193619,-2.2293904106076097
-1.505426804243315,-1.9693813219367642,-1.8426047080448604,-2.3839377690559505,-1.3657463773547518,-1.294962194482003
-0.0951807489680968,-1.0738063704265879,-1.1687139979078256,-1.09207938596544,-1.3182265005637153,-0.0385078086912819
-0.5192480559021442,0.6395918592679626,-0.751262535106878,0.6685142177401426,-0.13803490085381948,1.336891938324991
1.4380423892120415,2.5210006836098513,2.9281907246148062,3.272766641739417,1.9008506740067315,1.3511477017301583
0.8749180480857359,0.2704497404523366,-0.1732615062982651,1.5601233223168267,-0.5761897571743799,-0.14465435131470494
-1.7182353338227894,0.9598506107949869,0.6953489219364288,-1.8025024382442862,-0.5967000876616262,-1.396738822305376
-1.1950838079978985,-0.27147580856454745,-0.6431750136662936,-0.7325134868311629,-0.08909033366224905,-1.262584983961465
-2.001854040252302,-0.18253100283954793,-1.3686448320420475,-2.0525421870063845,-1.4737871349259113,-0.8625365566465851
-1.4156827755489259,-0.8635473645774836,-2.0582917941485883,1.1854290016939122,0.8750986406943719,-1.697486961647306
1.9507919659658193,1.5652330960137404,0.7893117435685583,2.147151451156053,1.762616347181572,1.5799584107363065
-1.5564886211233058,-1.7659375003674647,-0.6840480411665416,-0.058803493926054995,-1.1763860826380106,-0.012226850894073604
-3.1512101226953977,-0.335481713468729,-0.0010929105199144473,-1.9441842972018089,-1.4308375800619852,-0.6921181080767103
1.526429155924675,-0.20776912553987498,-1.4639427827566127,1.1606232545072832,-0.26965105109460874,-0.6920527238032652
-0.04953087359353517,0.6389877879328966,0.5718287576586,-0.4917684193714449,-1.93606938040672,-0.531736191027974
-1.1693863987954316,-1.245571087170631,0.526928900398034,-2.238071417745811,0.092771396906274,-0.47451631519707504
0.44738297658074,-0.717560085531409,-0.796230901410951,1.6076105960564768,1.8209865586466858,0.7542463006900872
1.1336454865261807,1.0615124533427927,-0.7168613942576826,-1.1860165410080228,2.07576243085013,-1.0602756017421977
1.5499337721032094,2.238918590063605,1.0978886182836287,1.5698941530924095,2.9417265116805433,3.755081435668351
1.0889634571678937,2.6022187689820204,1.680783454958541,1.031105402414036,3.472845753702381,-0.08791230641500092
0.1321302115877341,-0.7305359848501375,1.1948717013619055,0.38301574890180723,1.2060406173847849,1.3079337372287712
-1.1311871501771598,-3.2640716629300544,-0.08450863833408162,-0.13464716034544688,1.0954846630444146,-1.2427627827020604
-1.3366265226197531,1.0364203404934285,-0.6495515489221959,0.3253280911630009,2.1285018924469967,0.5824086162733622
1.1012765065944727,1.0420646003966625,-0.4806608148566328,0.24137116906720962,2.1473200035842597,1.2330783689805127
-0.3461647312146629,0.4151176204045173,-0.4454058150587379,-0.9339884245850425,-2.1957935787804086,-0.9840214923648203
-1.087273503184627,1.2205904043038807,0.3411843558010327,-0.7378126775180607,-0.1605360606346301,-1.6851574757151604
-1.4269583014166884,0.07673048858209167,0.1690995861958218,1.5188146611347975,0.8273549710975074,-2.0429444683684097
1.901112664281225,1.4887877310773625,1.2340163707025216,2.3263143838084313,-0.10420569794523615,1.3382585729210033
2.86541339133473,2.2470532186659646,0.8258146916727522,0.35665490858832405,-0.10627175048772908,-0.0167981394417277
1.7628968240543312,1.9661634018426735,0.11096676753437329,3.273036495145232,1.9762697350867953,3.0552218951854826
1.0882377955264515,-1.152678515337705,-0.813581163673472,0.8217900681621664,0.18631552890901568,1.797896477259979
-2.3296173179069033,-2.662462792930512,-2.7212346862176116,-0.46442033576165787,-0.6638653059716493,-0.9529283113824116
-0.12418807093934103,0.27027466832362335,0.6352318129900435,1.5243398775047412,-1.683677034355718,-0.396480014867222
-0.10563597499453026,-0.04143214951149332,-0.5000737215206944,-1.0883882707189605,-0.9324628258272343,0.04294990248768582
0.49375119470825757,0.33741120584193657,3.1271899669135212,-1.751313621990122,1.8420491925757945,-0.34145526556860584
0.14260093531306295,0.5888872834142984,-0.04574272954211667,-0.19552734131815236,0.16103947585074146,-0.5360582662785104
2.1278746517391007,0.4488752788343171,0.8969190018355367,0.4578138911613895,1.6380200982087283,1.8306165472501816
0.5569521707860581,0.20585735741427824,-1.301270459067625,0.6636983625348366,2.1088044681584948,0.1981089697706273
-0.40385673095117947,0.2133142437944303,-1.7398575294099576,-0.4144557626478734,-0.23215276171562937,-0.7453790024130684
0.5356722613671052,0.9756503251542015,-0.09487013687928597,-0.9321430962357676,-0.7366899429640579,-0.5021097616943344
-1.1052938459573038,-1.9120792289602717,0.5034739950481762,0.3049230005551888,-0.4934559564737816,-0.015049334517678786
-0.6888259189518582,0.1393877042840792,-1.4163172775975976,-2.204483158095272,-1.5148122384787097,-0.2682109399207231
-1.0838878078457996,2.944856218708893,0.15022041769978628,-0.9184359805707016,-1.0869712078396034,0.7509604396951923
1.5217674730485398,0.8521006333131482,2.5270872160098214,1.2352229698111203,2.8273053026716606,-0.8049248041309083
-1.3551034606141994,1.1359454300206349,-1.3242387874864618,-1.4359152974088727,-0.4278422455554085,-2.477222241809895
-0.5670525431726027,0.39774351210481673,-0.38089966624320704,2.071481171591845,0.49816937124109995,0.7604638926807411
-0.17421508370961525,1.8519206771478234,-1.1211022089996967,1.1071224407252342,-0.21140919538230551,1.2565194456396371
0.8213010463267166,-0.22701414937406217,-0.17865064335313852,-1.8663022655441095,0.006823705298305782,-1.5828325024123844
-1.6553016221142034,0.08146711878421131,0.9093879387185275,-2.203111199949088,-2.8580193944233274,-1.7084551279746927
0.4125961723623009,1.8076977192328751,1.1206219151725225,1.9233127946400939,1.2216491093655568,2.3652514431335083
-2.0342040033901347,-0.9130607118454468,-0.6202336106804209,-0.4228541905495433,-0.22701455955245858,-1.5930005273883674
0.7773025567486714,0.0518509803216064,0.2672587090175246,-0.9590968318197635,-1.942413375489922,-1.1792340029374715
-0.47186893192344254,0.7709075324408263,-0.4351395322785667,-1.193956524884184,-0.6776637904758229,-2.1785418791190043
-0.10425456669474076,2.183009960775247,-0.16487088077872847,1.510363526956472,0.5254607070555987,2.214208494995577
-1.0510626265495204,0.8839406528424605,-2.592063125812316,1.013340374706272,0.21074306674009086,0.9949159842499464
0.0380707131271677,-0.47920456247776644,-1.7784672032930127,-1.7142938854354097,-0.7643925929999136,-1.1065371018306271
-1.208072880957253,-0.5254714769840801,-0.9190301521709796,1.8880967238848152,-0.08097653925195858,-0.6706270464534839
3.319304566790911,1.1548607049390733,1.1838341641822763,1.347283268919775,1.3846311860998273,0.20575908134351362
-2.9458710562369754,-2.27369716624434,-0.4197937969143044,-1.5554648121196968,-0.5917431907807582,-2.0877983686984494
-0.9654660669345589,-0.47870656967155195,1.5358266246569876,-1.0762281396871685,-0.00447977341783834,0.30006204767528094
-0.013212256309784176,-0.30022960776019525,1.5729116055352355,0.9811668455084835,-0.2983910148969703,1.3276772417656908
-0.04113639553059323,0.218986349324432,0.6093155224732918,-0.6599215167963931,-0.12867227489361563,-1.5336224067687927
0.9886957189634541,-0.6632476897962457,-0.4258364763671164,1.6543645607768078,2.0284821372034405,0.5597151488961525
-1.7912987341840234,-0.17244594188684814,0.11976119589440315,-2.932771573570252,-1.6409642466521706,-0.36062496251417064
1.0174045665132159,0.30560148744124466,0.44979119464248485,1.5715575687503098,-0.4295232687750885,1.6914490014164343
-1.481052468598059,-0.5289293250168593,-0.9410588035610318,-0.7558326443187299,-0.5591696181517718,-0.832300194395947
0.2692347549042806,-0.2933792328286366,0.9985726021099698,0.2476581306148583,-1.8148767613109713,-0.3707058652029338
-1.041739187390388,-1.647827736704944,-3.215259492610828,-0.9465227463318802,-0.794696701442102,-0.5312433859758088
0.17525751024046465,-0.2984043976667088,-1.4365062834696107,-0.32418785764571023,-0.6890192139811413,-1.5250159627143336
-1.5387075481203656,0.10088522281638876,1.3003671065850955,0.7549486730369912,-1.1385507778262338,-0.4733476303945965
1.327558281141934,-0.2310172926741334,-1.3422386508153268,-1.4585316687786665,1.3111632951980674,-1.0576964635572832
0.9581417915305434,0.02388465260841205,0.31099175973202886,-0.8768092726100706,-0.49040197427212173,0.7496765959516993
1.0741338147840302,-0.21679790975047164,-0.38173848342221506,-0.28105022832882987,1.1415987422627278,-1.1484732416026613
-0.03856069032684389,-0.25424424194933637,-1.273674901457715,1.2553965389570159,-0.5159565834011071,1.0708647097608077
-1.0383561703371067,1.35760890107059,0.19375391662434716,0.9561079408387214,-0.17424398065653035,-0.4957716258327376
-1.4478309132653446,-3.3791889254860212,-1.2790423730603493,-1.1498543771231584,-2.443519674128849,-1.779041474932135
-1.7086289845093723,-1.1647430693001402,-1.679001242552511,-1.252677056093433,-1.7444242867938267,-2.1582813062770825
-0.9641391418636123,-0.9846855891366152,-0.6535575755525039,-0.3354108916810483,-0.6087567293273061,-0.7677198010706727
0.8217585173346631,0.8550118284090277,1.3511778041954634,0.615308431262388,-1.4824508679359365,0.8391591125907478
-0.4293565199754048,0.19836403896342145,0.9828201844367641,-0.1956358382380838,-0.06709916439958044,0.7087636588466051
0.7026970977188223,1.8461328311486882,1.3364550242872357,0.9851614974052788,-0.02231213188961534,1.539518480303042
-0.301296819970907,-0.02307813171386361,0.13774142072679615,0.012580433845805788,0.5527028899942561,0.7220020683708503
1.7709481163134362,-0.9279825479785786,-0.020592535691122387,-1.450794387300795,0.7498348469620284,1.2584238058290733
2.172659534931711,1.0282667310138638,-1.189751095864808,-0.16235214120119057,2.5814695312227296,0.1202446452093251
-0.8848466693810882,-0.024023267985195884,-0.02645703940876315,0.6132539599507391,-1.2447884066326909,-1.0617740848120836
-1.0291164565515907,1.530685293506646,-0.6094959411842276,-0.8415310842590568,-0.7429824402337986,-2.389790746302694
1.8995383271433728,1.880766530600912,1.988599291178827,1.7701863286937938,1.1927811841565783,1.4476590476940001
2.086631834032186,1.6585095138512362,0.10701296363154222,1.9388523110502929,1.104213331808239,-0.19787449581127103
1.1873846485309372,0.6652621565417667,0.5906064905442131,-0.7905808459989225,0.05322213479563964,-1.6982678303978482
0.8714473140518889,1.2676472977162836,0.22161690816184954,1.6039684243977521,2.35941209445515,-0.6141400471391587
1.228698567757594,0.24025483464354586,1.6294739499732658,0.2068249568050906,-0.35663837981797764,1.8317670139647109
-3.3612285505922896,-3.3027364565720205,-1.2364649570117838,-2.236568760512962,-0.26584744583209674,-3.738439966369673
1.9092396515388663,1.0739544102605414,0.21487499595459036,2.8809462883066113,1.6452083144469736,1.5155437130034577
0.5362464093752847,1.7918834991797958,1.248980999969929,-0.5264075882001462,-0.3106154521571133,0.7037808722139997
-1.4503527619299232,-2.1550171533819,-2.8319543126229503,-0.7735630783408072,-0.988852286324833,-1.4117882128005772
-0.8395934545076741,-0.45165661365261434,-2.229751885997418,-0.40194661352704664,-0.872875238276766,-1.522360716276674
-1.840793339763329,-0.4696668710544174,-1.109058241186263,-2.3740376333252957,0.32420220397293553,-0.05287461721008713
1.26371108240519,0.025345376690591337,0.2684313160046008,1.6789586336131197,2.196954293537718,0.8362517615949159
-0.3642940694555578,-0.4499167267952858,-1.4831382830443438,1.2618500048181565,-0.39006213254021743,1.4275284415259275
-0.43415493224234325,2.592530858603655,1.6871332995530346,-1.336649312562359,0.43548024792440987,-0.8370722043137702
1.8964340287928665,1.0719205938429923,2.7513430175237796,2.1903918808402967,1.9918689125332814,-0.1194844350236215
1.0542028568403525,0.24036511880490752,-0.6196912048819054,-1.282067681086832,1.3096107887697084,0.7077403217667023
-1.8050581598869662,-3.2991974754308484,-1.6440838981252253,-0.8951104138074091,-2.9462004941076168,-1.8112590566912887
-0.7186131885750769,-0.7756172117649399,-0.9030384844890817,-0.26901364555785634,0.6093186701032662,-0.6903017808661532
-2.2595670486321415,-0.4777933310600049,-0.8457785618460055,-1.397521505523131,-2.3961169407774303,-1.7831015578451563
2.691173498331599,-0.08862513591975929,1.285020622213392,1.1594603416421894,2.218509621364996,2.05145460891286
-1.0053332305262719,0.810633353626702,0.30730211582012495,0.1142774214629414,1.823211103936022,0.19400778131905605
-1.5775832369715737,0.39412077942417845,-1.359609966585245,-0.5917495262251334,-0.29965979473741655,-0.1445232612686449
1.0211474339244786,-0.7785018509088673,2.4962801111049,0.6908204271873633,0.6512409008114446,-0.31973439976604157
-2.2494215391740022,-1.208304946111174,-0.058881457257760506,-2.0420598331892204,-1.2971493864780137,-3.1984559247549162
-2.0761978637464287,-1.1248502781641976,-0.04654525978485968,-0.2949843420785182,0.1132605794467646,-2.9106741075415563
-0.1139689621742368,-1.1460692381251403,0.4733467926808571,-0.5326903404871368,-1.3514452835119173,0.106004488903231
0.28713065256446757,-0.9380028408945498,-0.5175640845838936,0.9084658553876781,-1.2128950061551234,0.8931758853661123
-0.7133972592418407,-0.582011348656091,-0.4021251241787339,-0.22421278096508318,-2.318375975053627,1.251002047531369
-0.1273377135035927,1.1456782673313723,0.9498783252229057,0.6874859311369061,0.23670134407416973,0.38977615841203367
0.993565972826477,0.15147238408849228,2.3032223724507808,3.835067967535187,2.5267329998738353,0.14689053939483376
0.17012094766836094,0.2832214789163803,1.9440100320216642,-0.2703891845207963,0.7782929800502372,-2.0736204671622227
-0.05169396312523587,0.215212738173641,-0.3259713622687076,-0.0994772032627245,1.5033079275060535,1.3271729376455068
1.2796023500588083,-1.2243327805852946,-0.6355346867116386,0.3519651033540811,0.22835880309285345,-0.7704801798215659
-2.847333106717922,0.06379956043129531,1.7928334532236694,-1.5371821998545177,-1.5308543860642199,-0.3884979412560178
1.3749886091888417,1.1896561696994146,0.9624475895581561,1.5124587388881636,1.3004604909423356,2.5516328865495455
0.24114998666785492,-2.032131810813742,0.2911016273615866,-1.8646476304800275,-1.0981937478957398,-0.5272977639746299
-0.09060620186301838,-0.6429943054533032,0.9162307990136596,-1.5399062834546355,-0.23882973165306665,-0.8014528779170647
-1.9622416226933053,-2.7040616337766368,1.220245365072408,0.039257054109106404,-0.0987170189209543,-1.2405584295396666
3.081431415540753,-0.2975386086550742,0.5606333108880567,2.387432822265466,0.7237064538911736,2.2200589914251982
-0.7120224845126109,0.3507553732433868,1.7184894314617325,-0.15683746831340667,1.3102165936559829,-0.5353210772481409
-1.5529868644155564,-0.48943028967752256,0.8327142441177927,0.2884097020993823,0.09397252300964293,-1.121408216623231
-4.285852328103498,-1.1343641875696209,-3.193919421144513,-2.7210331132742946,-2.7261333900458435,-1.9642285495599117
2.2288209514160675,1.290362055458456,2.3102035969908554,1.933864749458182,1.2038941764075464,2.5911126125219237
-0.03214855327328392,-0.7143962476634107,0.6687578375997248,0.788465079315016,-1.3626469601594944,0.6616863694803373
-0.6460937761149922,-2.2712073226927796,-2.131487432681893,-1.0698867242410437,-1.3070088130406337,-0.9983688429762994
-0.3082886779141865,0.3805855106668407,-0.7793176705254743,0.8448612486437692,-0.08666752295025651,-2.0460640729191986
-0.27233301557346257,0.3570184090205155,-0.7162918167368653,0.03419193479128091,0.2482659173985744,-1.4061496288081514
-2.274787396589644,-1.9005988034884063,-2.523841400972981,-1.1893639988044353,-0.7590729568104679,-1.538691968076712
-2.1773275868132855,-0.9181617140148881,-1.1376286897855803,-1.7467178158605483,-0.7248892302603782,-1.9551132224993668
0.7440588465106138,-0.07626557017726823,-1.9621237231190145,-2.2929162393020714,0.5554044114507024,0.26020532042095934
-1.812941978164347,0.7305637179421147,-0.18453282504912324,-1.5841972429165456,-0.35657151140495924,-0.6813605656527089
0.972498162297994,0.41638308755942555,0.04627394541567603,-0.7899483652982644,0.5080451849935861,-0.6152430823211452
1.5349369703976923,0.9701007342234189,-0.50002892660615,-0.6874913828220492,-0.6356528614443422,-0.08571244020374391
-2.359090459805123,-2.2167995153097206,-2.7543126376367963,-2.63545058855528,-1.6243900818808141,-5.04323496136707
-2.9817060180390893,-0.6685911395708127,-3.6290065751559424,-1.137825078313031,-0.09856768458284293,0.12837866424104116
1.990500567515741,0.15860365881713245,0.3172999737290738,0.2702342395751279,1.0050702525750697,0.5243251546661984
0.3184131840493693,2.2619914945677486,0.13102834251394357,0.47646313008983804,-0.2347030299707824,0.0026244508598826377
-0.020670120300211314,2.4626464476596697,-0.45642761172098933,2.166572590040942,0.9682786934912386,-0.7110581777449287
0.9825953392787632,0.8796239086494912,0.22900633522638666,-1.0879238578691892,0.11123291078626871,0.7234580070673158
0.4801136884583067,1.8401140935383093,1.2230891262615138,1.9939252804827516,0.26246149629529514,0.40201375999641
-2.392065683221083,-0.8399737904887701,-2.6029691894596487,-2.223534825579582,-2.1309896485661963,-1.9692381144291131
-1.22394017364712,-0.7732037701741651,-0.8439400671653268,-0.6725660324128878,-0.3140472426364781,0.2235537794654947
0.43430320087512536,-0.06205743580425399,-1.2055916632278538,1.3457245158674493,-0.8420752333824593,0.4152669241063874
-0.2586212747134564,0.49803507769494604,-2.32408822257911,1.6567528128710887,-0.10048354537527326,-0.2929656296222962
-0.5252182767392022,0.09432615082655837,-0.3900448462837981,-1.1675816210700602,-0.6167390237333339,-1.3464826997183292
1.5650965777627412,0.3876160408356648,-0.00901905242573342,1.893334409855974,1.146713139105112,3.2965136903695482
-1.665155528217409,-3.255853150116125,-2.024736274841461,-1.948262385673364,-3.2491784756408784,-0.36309462710083085
1.0275654290090266,-0.32876115243389226,0.7310409480759443,0.36072592375211093,-0.8296976436893416,0.2626310267071941
0.2781449420803082,0.9650401767918876,-0.1394786997390539,-0.6467290463160144,1.1242930750761189,-1.1516675288735971
2.2061043011318606,0.06754963682505988,0.40119171346728966,0.861802806474828,-1.2107270398407908,-0.32681024841513284
0.21525030615656204,-1.167331277868061,-0.7381669961493902,-0.6680738430824815,1.4197623084732789,0.5597667230225125
0.7697884292746504,-0.23388760217851612,0.7072010185593587,0.8987731806924737,0.5023114976111509,1.923599485812845
1.2729933814933512,0.34914782032439473,2.1187887649712938,2.788188191259149,1.123066589971101,2.2564499648255736
-0.4601001234337807,-1.157278264539492,-0.6274328564505809,1.163544484665667,0.018208550186626482,-0.4899126653481439
1.685254827063216,3.733899827988669,1.9251819141594242,2.8014095475653176,1.3231192800851117,-0.06709844363961137
-0.26389734827409567,-0.6528039352635004,1.092049380979831,-0.42804333271792716,-0.11946676182313767,0.16791297460184887
-0.9441967146413115,-0.35108133128151653,-1.9183207185812143,-0.5442093682353768,-1.1368026394263746,-1.7841922394825838
-0.15905832564382097,-0.8346063046110909,-0.24185547329621598,-0.02326920753376807,0.6403210121517409,-0.0935762712676025
0.31036049547637645,-0.7534338447270448,-0.5770956974088036,-0.7213809861676361,-3.2291765901577367,-1.5545487446346034
-2.5261268605343927,-2.4187054115229314,-0.4356681573245408,-1.0292062012063576,-0.01659666040608232,-1.659758342452883
1.6305551238919422,-1.860124894715843,-0.7611680168615037,-0.1473802940979937,0.3113054518060359,0.9229719634856025
-0.9523934661188599,2.07150281642893,-1.113241453804251,-0.5640495723049368,0.7313123978761474,0.14271418422121246
-0.4538306814439843,-1.7485633510414826,-0.3566102216345146,-1.117411773287706,-2.769227660113331,-1.3489811924182749
-0.25027122608944596,1.3762066237087154,0.8668023239743814,-0.5313172729011566,0.5263506909022919,2.747763145624147
0.3202791492491167,0.4547167223361902,2.070612628415919,-0.013866783049694187,2.2795409445047525,-0.6981619086381896
-1.7157613723340281,-0.8998790306035833,-0.6826912701386868,-0.3486386696487547,0.20241554491558866,0.2545577833682383
0.013041455716342298,-1.2596890825119562,-0.016063028374457167,-0.6662899717095285,-0.6291907039690223,1.9013024067805941
0.299386884405516,0.4112544919766671,0.1475616935566486,-0.82661203664485,0.6038676425924352,1.2529108835572589
1.1749820958828288,1.3735442230309047,1.2211926373859816,-0.11083910002968955,3.7051712944339346,1.5514680830412308
-1.2416850996082893,1.468548650255641,-1.236205221073876,-0.4819931275694763,-1.2292819728654694,-2.1943422751905857
0.42052545267127317,0.21944461545681715,-0.4876541528267213,-0.8427550478965836,-1.2728590213108846,-1.3354258382660325
0.6082975786041074,2.846781458716534,1.158524658385602,2.9663004308686896,0.5886439987414335,2.4882544023016546
1.1371512409873332,-1.4617553328669426,-0.18102551891773344,3.6451311666609545,1.9920345132982078,0.5656507403857587
-0.1846452539412305,1.2764121930790926,0.13907357900218625,-0.4285015120524515,0.9853747233392667,-0.24365734395690403
2.0450297773734043,-0.16502702750524142,-2.0892272123839,-1.127916045823962,1.607773216627359,1.341228061842312
0.1272183689096261,1.5866736052584465,0.15085232736611306,-0.5501134555120364,-0.10908940429629976,-0.4017764161305722
-0.6220173865898307,-0.46560090642841034,-0.30494420819700413,0.2696837721580492,-1.3867971910224373,-1.8600989634419052
2.477767756592463,1.2122846068237598,-0.9631371803011328,1.2269906137708197,1.8070455530171643,0.6230406430492202
-0.5533732409609722,-0.6061931443012244,-0.42155411177107627,-0.7460989238027085,-0.9213200904346819,-0.04529951053384129
0.33042605115268,-0.49949291616068037,-0.6724452463159266,-0.33440725523227977,0.2729211748197844,0.27934638681188584
0.08572513393719,-0.041905305525382186,-2.4397408391249087,0.1911444395308754,-1.0584704073673588,0.6713816463781397
1.0673297261116135,3.635390264897536,0.4494431455803068,1.8815925070734119,1.7944270643152032,-0.9250395942676224
-0.11715969000948823,0.5136180942237029,-0.7942289970853214,-1.9460695367842287,-0.15567225549306674,-0.0862650045326887
-0.6260185851260878,0.7502835299135967,0.060549346762515666,-1.1439954931282912,-0.47447416389889513,-0.4693087631482804
0.8352966788958349,-0.694738860476992,0.1252321818486254,-0.36985914419432175,0.7485544510035329,1.155346095869876
-2.269564240038705,0.6959270524312471,-2.5778260471461056,-1.2342282011207395,-2.4980031018089135,-0.4336895719481966
0.703419934735691,-0.27755540163008174,1.995040485779354,0.0138037393037026,-2.1292350258879216,1.8351692520197689
0.05883802399975358,0.49710738613851496,-2.053661622693906,-0.27234888922396017,-0.4468171733270317,-0.1025398729713301
1.896784993463787,2.5629037942555257,3.037943312397936,-0.09756258119753203,2.305928537601158,2.2890235500304064
1.7545105329399773,1.1938971012622603,1.2424709226175168,-0.701617643206325,1.6115716200993149,2.2334984832660822
-0.20380016140852736,-0.4412584654870485,-0.8587803875267975,-2.408996920372484,-1.0952022863180586,-0.29989415605759584
-1.0608338980352097,-0.2865052803551124,0.2817363026956704,-1.014791065381501,-1.267038482927953,0.5014539296387561
-3.3210784461453944,-0.922434116758998,-1.0152056318429923,-0.9500099987721584,-2.7767538594854964,-2.851450096536931
-1.6317352145284072,0.9575431094794626,-0.2961890520538339,-0.05858769449577045,-2.1677065185477686,0.28691546251549205
-0.7171213859719049,0.11727943850362255,-0.9261834172573572,1.8315664179145172,0.009928938749925065,-0.4674500301296537
-0.20243352331193681,-0.1765304635486995,-0.6814373970074987,-0.34656989901768787,-2.443177378085453,0.6598490130660439
-2.333095141505752,-1.2378115072943137,-1.0640905733064632,-0.3725698909552999,-1.670662132053513,-0.082122392270221
0.6159131779806759,-1.5578368142532273,2.11680207030679,2.295186109467507,1.3834975709801993,0.4868075206007702
-0.754656759410355,-0.05068503340575381,-0.9076585764830473,-0.5227250100492126,-1.9936852726695486,-0.6442732221775219
1.5700339828855778,2.010641217838852,-0.8634198867455688,1.2426076278580722,0.7504896001300423,1.723740923104454
0.509953313792429,-0.3554500937681767,-0.3269897915553751,0.2840213884957794,-0.8676118939851856,-2.3643478494754433
-1.6529688989426965,-1.1366853234014611,-0.9032719262921947,-2.377140838942501,-2.8156443054731017,-2.9093119403661474
-2.152786197236737,-0.26273350224031566,-0.10852647927793763,-0.4138826462671157,-0.17991328534218343,-0.4360618929415938
2.114784449588534,0.7890752491511445,0.5895313605128986,0.7215271109044391,-0.2783372500569311,0.42255826330669366
0.742269501149593,-1.2291808990948536,0.2323988372335012,-0.2303493486370446,2.8897533871869667,-0.18343267304694663
0.6839595561685907,-0.013967815296164476,-0.00943256445494689,-0.5157040730885405,-1.8251453766533656,0.52689961447112
0.017135895591657582,0.6523750738072783,0.34125949605438904,-1.0904389592958432,-1.5620016358805242,1.4095758372384393
0.8498660477890073,-1.141579477301774,1.3578246217033072,1.7467618216764973,2.298128851579565,1.0528879486933396
-2.2782594797891607,-0.1209873338250409,-1.6699669119158784,-1.6863936817255096,-0.7328221234996011,-3.131614589358892
0.6042831783163473,-0.28956461747675394,1.2593031887844022,-0.3833663217799852,-0.04978423131169152,-0.1980179787136269
-0.4036448367534077,0.17692631259178937,1.230382655007957,-0.7034654459768568,-0.7551351560563138,-0.5908925465332379
2.37273550535382,2.447845396051541,1.1963095700241964,1.4758592309024958,3.1164873709298533,0.8404439585451584
-0.19430384323282957,0.3349687817543047,-1.9119089791677952,0.7655653441233797,-0.22056994366001603,-1.9702762664441285
2.470790950446812,2.764466634718077,1.0780384893813202,4.140476831603928,2.182998129832648,1.185545990040512
-1.78055458941516,-1.2180547802879464,-3.483289325767884,-1.0295306148379648,-2.0364336162450654,-1.3664765037060858
-0.5515035488344964,-0.8252271423922425,1.1045904185960767,0.6250421121301623,0.5054829525815341,-0.06346124064249842
0.44073846181571513,-1.1948033759175856,0.2965187930040057,1.489699285606526,0.266577416671646,-0.16242371454375082
1.220480028188073,0.2620829258841513,0.3590793803405631,-0.636002962157032,2.307920811959515,0.8181257732716163
1.4427850423813355,1.2222313075135962,1.341465212712742,0.012803923561261144,-0.9104807412089017,3.588284645567448
0.17216289547778796,-0.6636253742732896,-2.186362379456085,-0.6897959557494927,0.27009601085149637,-0.10957894141801872
-1.3540264500924284,-3.4434902049815497,-2.0613667435411656,-3.1628303237995974,-2.0673567993960793,-1.2729976684063924
-1.8598214304219312,-0.8382691440509956,0.30281374991422483,-2.4753983111397675,0.5226934043851826,-2.3484293007962798
0.0934638779190878,-0.6410377120881967,-0.5993530827882498,0.4668581000817567,0.354855805742747,-1.3126032212673817
-1.2828664512500534,-2.232076924065576,-0.2037444791675376,0.48665370542948677,0.7500092703351708,1.101241496580667
0.5675850181651922,0.5985026966880225,-0.16503745003720205,0.6020319815197817,1.2760603065380685,0.7116888770302615
-1.7990959169404692,-2.6296964013999165,0.007534070312040564,-1.7824551150606993,-0.16848784897318492,-1.7720849254090814
-0.5800856765712289,0.6393888966285545,-0.020291629267440214,-0.29192320701823044,0.455790701480255,-1.1566326931092403
0.8672204982534328,-0.18785048263112442,-0.44460913859933754,0.3630477649704234,0.04958112615776655,1.2964083979774883
-0.48703139759840264,0.8828511691042473,0.9119300628751195,2.1279032570475707,1.5048312064444183,0.7903884987188559
-1.0123905368717028,-0.09974283723789268,0.250036086173261,1.0785123808709711,-0.7422269846395877,1.0107998614855989
0.1500966197136011,-2.177564073132708,-0.8053008895695387,-1.3993159221801574,-2.980544938682586,-2.361763699378769
0.8474886111144965,2.5545507421549387,0.758265736997759,1.3563958473575601,1.271916319864613,1.6350366489368393
-0.3182140489913253,0.36181239935929105,0.1282474334993266,-0.12621746169275194,0.2542687233728067,-2.6732463957371864
-0.6084422056969696,-2.391196613197252,-1.4924457229069463,-4.512134497541564,-1.90070468600238,-0.004699200364140843
1.3243190235311701,-0.21872670533799793,-0.583981158099879,0.5934441746258025,-0.1416368188362106,-0.7205374196425968
0.6516962824613397,1.15643013502266,1.2533475845475157,0.41675842311622835,-0.6793161353671084,0.9000083433209737
1.3721017806467612,1.206763507783525,-0.1803026924063985,-0.02536128058996434,0.26200328255812383,1.4495050700443763
-0.3172497466318944,-0.6025911145631825,-0.0032720355805908596,-2.3256025726048595,-0.9641475114848735,-0.43917314792328166
0.3536580460448913,-0.7497192431746398,0.3634243093993914,-1.4365073185453487,0.326439831840449,0.6755479864970229
1.3017348018242243,1.3769279797356202,0.7427142055108005,-0.2708006958349892,-0.3768001432407063,-1.618388935339951
1.2161802676022924,0.7220378329307671,-0.05532339079045667,0.4259076361005415,1.3279262878594875,0.4894467741070092
0.7331053526255209,-0.01185867377923222,1.4395209775062152,0.3908761869728655,-0.10287533337297722,0.4765365363558878
0.9033479068847459,0.7422954335898755,-0.2614001415699916,0.5407927168682053,0.857764474318214,1.1461794251058497
1.1963978214652526,1.1642732489404255,2.2611199044268515,0.6392589810744976,1.2239269296649844,1.1084402987007258
-0.9934105838357312,-1.296042701896821,-0.17686915608520393,1.7386533287523462,-0.12244266798327175,0.5341487527258234
0.017849765902381187,-1.7289261821512518,-1.5033182291787208,-0.26602343985501625,1.0447422890927842,-0.6983173001047509
0.7780001756047639,1.759375753792956,2.521375589381798,1.4494904595709934,2.563848905869556,1.2589795927468552
2.1060926148402457,1.0409747453138998,1.0234035286509187,2.1484902107584976,1.5615191667886688,1.9922573529243883
0.0079735471644371,1.2840684187284592,-1.6139335195244118,-1.5909497118912588,-2.086949225425123,-1.6519110897878084
2.502014594750895,1.5131265630923227,2.4718704269851495,0.4151397991860247,2.4908798564704577,2.376147535887821
2.3010042082486284,0.8600446569082295,0.3479180237681698,1.9996167836739613,1.2823644304423887,0.6172819618048099
-0.524561687196424,-2.2491763180621014,0.8152253904194788,-1.324441087727898,1.145694130106442,-0.8795857605857773
1.2327907297698217,-0.10772955495022668,0.5789460705207536,-1.0583711025928355,-0.12756467029272534,-0.3804779128169937
-2.4785244830092426,-2.1999959911714493,-2.282483876538361,-0.34720868665410587,-0.39358247565604887,-2.0498866730466823
1.238647932755852,-1.3896913057732627,0.7369776295598099,-0.8390284503252695,0.5549007772374343,0.19024990766257988
1.4701737366893615,-1.7983948486699344,-0.39046855698029903,-1.0137848573167074,0.24064067792802427,-2.804314370089406e-4
-0.33434100958910795,2.4559304533598905,4.6565211431529265,1.2768136913294912,3.2832099817749487,2.1712765543335673
-2.21741907769884,0.7819792560909548,-0.020910242945408664,-1.8137316463682036,0.790424709504311,-0.45301920451426897
-3.156732986919665,-0.18977445947855665,-1.3000544055018237,-1.9692285542340695,-1.1865383846484372,-3.6517524921163504
0.5730987133211575,-1.7068637355653293,-1.007087255630105,-0.9253949914867795,0.2950535349459663,-1.1534376281093977
2.271795448017767,2.7590046804606443,1.585792818909605,1.7090737271865812,2.4017716833063685,1.621299791381215
1.657792769527389,1.732056506823477,-0.32581227652519673,0.13435973770139065,-0.6850992375360155,0.04152463087560976
-1.923542695120194,-3.38168364587407,-2.0387616742088266,-2.773464926769183,-3.706953470678188,-1.655496083604331
0.8720152563487364,-0.19619809334979071,0.007134916810563441,-0.7359147707665711,-0.6903526176498669,0.6296023497796779
1.12018271175361,2.1438001900501753,1.5588861893182646,0.5104493858342865,3.4851534719035255,1.8994759393977896
-1.3287811941247405,-1.3015075963377782,-1.2001035125783728,-0.76098058188349,-3.4157977649649482,0.7247493648432317
-2.3673213595175473,-1.0215226456054785,-2.4424157485035543,-3.2259099581475703,-2.7807116823902245,-1.3194572934462776
1.4149500995763296,0.9202309672491263,-0.2606986167839757,-1.4400662720508768,-0.5861804882081908,0.6771387898326889
2.100770477195304,1.1699305385745875,2.7939078108873376,0.9966677794266472,1.1342907437221164,1.6123391480692495
-0.6953534527009338,1.028201299286084,-1.4553778083751072,0.7423643106328163,-0.9113503900102146,0.28271212152165637
1.3084304784982055,0.344051063865802,2.284590794967476,-0.08220179735103539,0.33650584068001643,0.5024316942723023
2.2293488169693014,0.8192157752062608,1.1968313640489425,-0.49570857916653577,0.8923971779911434,0.14801491524665222
1.1027762472872649,1.0270645883304865,1.8261066622272912,0.3950534117229218,1.7442386923784952,-0.03968436168652756
0.4320010870657337,-1.5720982140402104,-1.85746460240899,0.4735080480411078,-0.820522599438252,0.1847138298277221
-1.0627976371785415,0.14624326525440906,0.774202580339391,-0.29292080966438905,1.6714758932709626,-0.1798682630689163
0.5224101836697322,2.9098553583520568,2.0000898152837103,-0.3220789352481459,1.5326765214122022,2.0782937812761304
-2.0295044611227566,-0.7067892083315193,-0.43047274281179937,-0.6696335073253761,1.0425469346940615,1.6074003926552805
-0.9701762099952993,1.0189544865230253,0.8868339181886702,0.3059689630451748,-1.2589969440078121,-0.5769837879543992
-0.8619695454552894,1.175513074061357,0.4498257457784264,1.442597183046877,0.1860361742434214,0.8473873443568214
0.7225708092221328,1.2199923893821567,-0.25145485638797704,0.3837201418893934,0.8045302224207328,-0.012388894299923514
3.4710914492827505,2.568421727254496,3.010607549845351,1.4719142797410343,2.0752670390404218,4.5904426279711465
-1.1755059649118982,0.10125531304965008,-2.0931214789129973,-2.5728517132577298,-0.1083997035306814,-3.2195418745182485
-0.6499386816844692,-0.012957262155752103,1.704433175525457,1.7482241750977894,1.6662786669202134,0.1736508079622196
0.8131249766934292,-0.1604142821557072,-0.0777323362256428,-0.8181453513627585,-1.1503135697129445,1.3345135048549692
0.1836153514503776,-0.05405238136505092,-0.048806614696976364,-0.11123598825098435,0.30460552819865444,-0.6096450808699962
-0.16543446233607126,-0.4844392949516066,-0.5210955022792417,1.471147180237425,-0.6905339599427854,-0.2542718680759461
1.115838853369394,1.4596044318033756,0.11684953905640744,1.4003928086690627,0.5416925379996846,1.3209916951095695
0.4289049836854739,-0.05344633821825129,-0.8013173777118796,0.21934969991226871,-0.30266640142558154,0.08743274609547008
-0.35464470758286737,-1.8851243939089286,1.0624785027951265,-1.4572814347960497,-0.8900875507697508,-1.15671330712467
-1.8471034180847874,-0.22048639207102466,-2.086716018330023,0.3262678575355481,0.6597820828270671,0.7924663465147916
0.5026949770421246,-0.12692959134148613,0.6680285420976448,0.17697563323105517,0.4402118172374651,0.4202291414642454
-0.5793840166272861,0.4052166927562076,-0.6398003779757611,-1.552512235449352,-0.013069517421803373,1.1999419997220862
0.5576639540533818,1.095121911215632,1.0973655660092332,1.5990345736449973,0.6225870101734733,1.6618042567424467
0.833652801924573,0.5890299988354073,2.093237820212657,3.328049152553579,2.4341703609982477,2.3999747950205905
-0.6916715900366182,-1.513823278315812,-0.2240455083323561,-1.2821864049346368,0.15664279260240352,0.9694077437303984
-1.619388191069737,-0.08973570813587559,1.6244897792133688,-0.3453449948996057,-0.337591556193369,0.5413171981824383
-0.5892983761947262,-1.0222910509124727,-1.8879876683285208,-1.566168030221815,-2.551612339096871,-1.084985985191824
1.8718263492989111,-2.3593932459955917,-0.37680447531549616,0.7618000400651133,-2.373920939830514,-0.33212210567924305
1.4909705275915943,0.9436320896750248,0.8398614099376103,-0.29547654726601236,0.05206981458163962,0.8658957409469712
0.28017439309361225,-0.4941763897482363,0.7429870223170747,-0.17221530249286532,1.9944534417318585,1.395737152949196
1.4276687763670959,0.1901062239105641,-1.4099341016457259,1.5133316571035478,1.2602972901906915,-0.0812943517199774
2.0254802403237795,1.5280587012539346,-0.9479946931556514,0.6798282927617504,-0.22349146714718615,0.7116096813106917
-0.32111586328405706,-0.8096009492667602,-2.1022204005755576,0.33384389918421453,-0.8414828899149883,0.1826790067806956
-0.3952148164076546,-1.1178252624295997,0.9619525217876714,-1.705562822438552,-0.4381781921962168,-0.31047676593996343
2.342148747200746,0.8332012448400119,1.715978529634357,-0.7563837684882144,0.37989291847431805,1.5008965719116252
-0.13762583131690764,0.3303649789748334,-1.9977978323594043,-0.3489807685978978,-3.348268240898351,0.6435595462641895
-0.1702795228755164,-0.6381632253325827,-0.15264205460829106,0.33377881484816685,-0.1488082576341555,-0.17689253583612208
-0.7743223211574283,-1.036281407690789,-1.9551425472304373,-0.00683131248681379,-1.0755124972957983,0.8097453098045994
0.5766828776912603,-0.29893843473195525,-1.382419588710161,-0.20145560763840242,-1.1160898357874633,-1.0368098827733045
1.5364013161928165,-1.2871890164661957,0.20448345236664828,0.18150539278706862,0.47276557451820783,-0.2359852202625545
1.8215034521882445,0.4687973183689834,3.111234246499835,-0.48066326891333944,0.5364531140917295,0.28168645409593396
0.2639588484568971,-0.8271575413238732,-0.20533200337015944,-0.18500113057393885,-0.7680715269091813,0.4475058349170419
1.135113136974768,-1.1200913701712056,0.15593993006914272,-1.3504834462964832,-1.0687051936134395,-1.7212689553289895
0.5852226487008925,0.5798997884924948,1.5991032067119408,1.6192556760074406,2.7416201601869203,2.5054014518509433
1.8113164697824604,0.41113727835412994,0.6582474694603033,1.0029666060809292,1.3941737897922621,0.33900095021817445
0.5345841958343374,-1.3723646274105787,0.5430077327001337,1.7376729141868728,-0.2860781081577847,0.07488437649691365
1.7687679877677123,1.6984380479276582,-0.10913466273834649,1.228686968876717,0.764202891845066,1.7388191348494453
-1.5327183391290902,-0.7114439536144558,-0.17057861480582193,-1.111268326100795,-1.7755581799558566,-1.8122881343570003
-1.1664765731225657,-1.5952522162650684,-1.2493833491955408,-2.8712902952064576,-2.4020019959685763,-0.9064468214402818
-0.04602817144821547,-0.4922456757403353,-1.0683422330147736,-1.4137088619042093,-1.5529205331064424,-1.832031618574915
1.4706040672507052,-0.731358356884305,-0.5560937362255947,-0.044656791136380526,-0.6022906652727043,-0.24545265959754495
-0.40757593684233967,0.5694173521085274,1.3003793814272686,1.5937738342245413,-1.0434694839625134,0.5736315213459324
0.3849779927416241,-1.0560447983806152,-1.3096057689605438,1.1987215072007738,0.4190428811867399,-0.31652210345926696
0.4716921015548296,-0.1220533997164403,-0.3083683852208948,-0.844810015084994,1.128395753528007,0.2514385103453009
-0.8924420865933045,0.41803467112019843,0.3834364198215069,1.3515200217869472,0.44285379772504596,0.7815730611194962
-0.8558286817431713,0.6087740512430426,1.2140221298358542,-0.5522209311736757,0.6640543445721905,0.25722913630621774
-0.5335522946235259,2.161850662716238,1.8994110791541705,1.907727162735163,0.12887972873847314,0.581675197862488
0.31035958504387673,-0.780079863131401,0.25164543848861975,0.3507657155266901,-1.1936333110591368,-0.6436859140693068
-1.2393201111856482,0.24648864460845643,-1.0518588266934672,-1.3686360301531961,-0.19151077691595286,-1.947911372721852
1.548140146312867,1.1834999540707407,2.2837579193141577,2.6485057587528655,2.8153649378339862,3.106361900232324
-0.7416325658821169,1.0623597061490624,-1.4804884797295281,1.5449356772376015,0.06234088081477529,-0.06196020442567024
0.7262832791069697,-0.5217859770063081,0.6507465266516248,-0.339843771798263,0.5343894225800111,-1.1108053193822995
0.7209695715614524,1.1068933497953193,-1.0624907188627768,0.4860974753974049,-0.979344452261499,0.4149876295004027
0.2823608865349324,-0.18249852632074734,-0.6908975432434439,-0.5709543070162608,-1.2800842748712558,1.103952863619071
0.7712304720058363,1.1867227976167092,0.20548167113220833,-1.6394006568468558,0.8247523661556481,-0.1580761816876356
-0.02645467530963401,1.6140840449799623,0.7446239405017163,-0.191180970763337,-0.24146645072903083,2.4644924318971233
-1.109046511967136,-0.7624646095179672,-0.8349149111518619,0.9262401650756009,-0.6314563484873015,0.08175915929163799
1.0972111074118562,1.8152539426017156,1.1190123726542927,1.6921954701476694,1.549539543430334,1.198845509080936
-0.8058028598143361,0.6856368435699967,-2.2708615576953974,0.6454646634352443,-2.020052146718038,-2.0735355182046398
0.09357146014776851,0.3934550110298999,1.6523782577591235,0.1641218801437777,0.27389780585508317,1.1988268861034408
-2.0595074757061935,0.42228643447970027,-1.0873537079567197,0.4726520916177275,1.465345220932984,-1.0671437756471032
0.13753831990542187,0.3365330458517918,1.4973359476658958,1.7108539405461047,1.0889965887524125,0.9371403254777791
-1.8068049137897912,-1.281770977630861,-0.7870825246525492,-2.857184589602771,-0.08775047285918913,-1.309458783068602
1.5299515533657466,2.679149639038967,1.251257832466967,-1.6407745394061608,2.10389990624159,2.0454519069677084
-1.651297080997148,-1.1423051796005668,-0.8181122406065782,-1.0684718971947496,-1.677983712118089,-0.3876029573185866
0.23396118134861266,-1.8012243867658584,-0.40266319337267364,0.6308162482856934,-0.437243893687082,0.3083726504734594
0.6275752154371094,-0.30757887463074396,1.6913709989602692,1.346069887220104,-0.6047633679667137,-0.25682094309250103
-0.14287679493159405,-1.6318702811853427,0.3833280952891204,-2.7158402509995883,-0.6358059950546505,0.30182689388244555
1.1837000085419955,0.5349336952598416,-0.03760464257810803,1.1579201409649245,2.1710481796042385,0.31114914081069966
2.114513163883334,2.0645481694829764,0.48944549076365185,2.0065363071039126,0.5043777077390832,3.757711514883101
-0.03672941474809743,0.3540371360373892,-2.7175699703460614,-0.17005386731153393,-1.1981424644470786,0.025612260844970702
-1.6902577564480297,-1.5082284312080565,1.4756493369696593,-0.14799522990514025,-0.2332793072385718,1.5361656340434342
-1.3208983008725692,0.8847712384993767,-1.2259752974611833,-1.5835928448944074,-1.2903147331692622,0.2527717010119904
0.6800451702241387,1.6166508396989725,1.3895518884783018,2.888758436132316,1.2126807245875597,0.2780833085124841
-2.133415934104537,-2.2538110158370106,-0.7716833891614152,-0.9834834171399566,-1.281688224480009,-1.7563797107314891
-0.9988954874520797,-0.4704124054845812,-1.6267677641534206,-0.32877254427019154,-1.6969768983261104,-1.9342642446845295
0.9601776808423342,1.7091991820364267,0.007937090073229514,-0.0784640960832057,0.7876491091813081,-0.1512714761596542
-0.2485187377511055,-2.9847876906397386,1.016945005515662,0.3005601559661314,-0.0026621805662781495,-1.7513317010430798
0.05578543785693624,-2.303068334965796,0.042039487897805206,-1.9317227581088963,-3.602690531692202,0.014021733159233163
-2.3641659493327474,-1.1249961001839137,-3.530535928850088,-0.6695397340318073,-1.1745911764398331,-0.23410148242321682
-0.7137364695452189,-1.3145647134052236,-0.9144061819982054,0.06650808368561956,0.2348145225319061,-0.7225709690047047
0.4620046377818078,-0.550380453611141,-1.4054988399859374,-0.5916505940916372,-0.5124369738625603,-0.4052355895360203
0.2101139668326617,-4.088997259137944,-1.3078030506753673,-0.6853881353487448,-0.9087650125556892,-1.525962621567962
-1.0039659085483996,-0.9350648388038127,-0.46398179168750664,-1.246973452275068,-1.4527439679133298,-0.6346675053656564
-2.730145405849397,0.2374966358349212,-0.44931277128082203,-1.9419416917045447,-0.413617997497595,-0.8332332405124468
2.113475297956643,-0.09570103167752042,-0.1627783905023129,1.404733463684357,-0.22701785347864112,0.6237363614312827
-3.2544829211237487,-1.248883260427664,-1.0240350818130297,0.2447311051476102,-1.1402580071888413,-0.8329006679382126
0.25493389862004023,1.3149979030378625,1.6544897355614068,0.6123240893520397,-0.2479449148397299,1.8192451769367164
0.8933323307648877,-0.8730749030587418,-1.2674778909983413,0.782420130545934,1.9376774940704045,-2.788602092173436
0.593246310865043,-1.618274937371117,-0.15034190693995741,0.2323238402793515,-2.7024774426862352,-0.7778570320504392
0.5993350331671694,0.8435740872429759,-0.4187351351604305,-0.6536050105954541,-0.15169251333003464,-0.010797628113187407
-0.5140269410659765,-0.47648356216883603,1.4153384421210844,2.71217184723115,1.7339660618164363,0.8629695269088486
-1.5087331777029547,-0.8752502778198132,-0.02599279656635728,0.5305202215788714,0.4556956683471689,1.43369211460754
0.7550729072552838,-0.3699655313461643,1.8700056685052049,0.7496901162106913,0.874272405700098,0.35418694120941563
1.4567127743982933,2.4195567405242673,3.948001377777607,2.877151238897317,3.556705732609049,3.1494674418951236
0.3684394280283489,0.8081209442110614,-0.7997890542038086,0.16376560026912984,-1.1273926455459906,1.0522647697036822
-1.5784205724038025,-1.6326855000618328,-0.6126651851841864,3.112775914573068,-3.3909640082820567,-1.5799080524231663
-1.3755961900008937,0.5577155330233219,1.0532762797003152,-0.6980000914124556,0.03509261308567779,1.0807177012981297
-1.0722969248077308,1.2648207970300378,-1.0256112124233483,-0.09299604287499824,0.9719770347218522,0.9979321187666157
0.3543252192609121,1.999433948092697,-1.6142595625542908,1.5204727697138054,0.7385219042732158,0.5858741524425033
-0.4949629062191546,0.008309020477613949,-1.124146840728781,-0.8368208176205056,-2.2570527587012785,-1.0663271536403403
0.24586712535669092,-0.12370822776667578,1.1502794811514736,1.3635572928353266,-0.44189447617307553,1.6635292665044685
0.9105773815305241,-2.767633769971364,0.13848617916225558,-0.6731382923363207,0.8083140210136806,-1.2067981348191177
-0.8441442708458928,-0.4967478842777137,-1.0516041755744856,-1.164169399865278,1.4188654790470405,-1.3383619056153737
0.7433103905519418,-0.5518887673802095,-2.28497985506516,0.25227337774745484,-0.2793218661657264,0.1966115661847736
-1.4550309736748073,0.9531213242322525,0.7900543858144906,-1.2493835991040534,0.3645418315409311,-0.8287009696680897
0.5787669651259733,-0.4465514709797158,-0.4278246757043795,-0.3367090006484748,-1.3551328499865516,-0.8846688791250381
-0.8923281626690049,0.8475860419646521,-0.6130351838981962,0.37598456692609183,-0.13225985271421875,0.3249272041548854
1.3207090257900889,-0.39854277743913064,0.7135048903007479,2.6131039970860357,-0.12476998976979092,-0.3836559892771931
0.2640553991682256,1.86947942783315,-1.2486547013930456,0.14709602892572665,0.7535324326980444,0.954113929857935
1.0570988724611978,0.8369805730742329,0.2768049907484049,1.0876362721959358,0.561325327187892,2.6442363761324366
-1.1276636650859957,0.21087006529195818,-0.30623663033227344,-2.5971445559469686,0.9607269282130586,-1.6199337266581968
2.5378693573160347,1.9805386216535363,2.290041518314786,1.5660183344855372,1.8062067817699248,1.6774284393204082
-1.0159220421214323,-2.45144436968466,-1.3516669589503314,-2.347145305170172,0.40832715326344315,-0.8086233580944557
-2.258074198342947,0.6737624041950014,-1.5228631221543596,0.3269406213215251,0.20688613729676897,-0.8448606499326972
-0.584917826687234,-1.0590140415189193,1.2265595949390755,-0.3703773385771055,0.4385217523213393,-0.4522577328615888
-1.377425672826844,0.3699137051073089,0.6389334442397804,2.049339507211624,-0.32659816055503554,1.2694763873949733
-0.07144169654038325,-0.34880739313019415,-1.0523981478628466,-0.5424070802121097,0.5753924270827481,0.24940117443243948
-0.18515088011264108,0.05787856315389034,-1.8489828524094867,-1.057674099257736,-0.529341043740803,-0.6786445135483576
-0.5282299679895157,0.37405637756602916,1.214427806308394,0.3728031144604619,-0.47764224713464903,-0.49508841380681545
-0.30665351816817654,1.0639488457047723,-0.9507387893114738,-0.7133924350416412,0.6676459524542164,1.2603520913427548
1.3242586870770976,2.0367747993395806,0.7085830596525249,2.697337103466475,2.3576016710608023,2.0781804350380506
0.34882424671518975,0.31354117064457876,2.7063877546267676,3.214799739227799,1.6934614341351224,1.2235934547438911
-2.1490389191683485,-1.3359696885390564,-2.8359692534440075,-2.6349958263991144,-1.0243464516448497,-1.6040485446051278
-0.3751682169343629,0.5036726399062685,0.35440505097786634,1.1517990560125986,-0.7656701027874109,0.2320292911970342
-0.44916410815044755,-0.1939709486782133,-1.5830277863634132,-1.6613531805273511,-0.7930659679375254,-1.011952907985097
0.8575707835666205,-2.3627171860232488,-1.084367216657877,0.2147008434066479,-0.006415604916943818,-0.9087745741590455
-0.2965602034097529,-2.9070014979921215,-0.6701071987060867,0.6802798261764066,0.7485681818757843,0.5501111823638011
1.5040780459749374,0.6701227381790494,0.9967220488858798,1.905462900977077,2.7032562626415055,0.06375082403894028
1.1891579338624343,0.3301521360246424,-0.15005704562256322,1.2485913182470736,-1.014903645490524,-0.5697384350671412
-1.455696402229011,-0.5293828844284922,-0.34697095301548303,-1.4928448834096248,2.8513242001136723,-0.30382491289967856
-0.9835579823794429,-0.08355292393561142,0.2227896433458736,-0.46394133527874876,-0.5459387939076177,-1.0927607054193778
0.7526722494530509,-0.3873537401043451,0.9862046866409468,0.0990202249574067,0.890563680550303,1.481545115171924
1.7178278597200756,2.155196709685799,0.8543591873023673,0.9212552396255254,-0.024106668880343074,0.7026091294447334
-0.5711142778948097,-1.3563564625527196,-2.8085452581887744,-1.2919563598176813,-3.4317429894077716,-1.8503348590858126
0.634117701145736,0.6260095333260007,-1.3851447903276073,0.20118079406400385,1.7005752021563716,-0.405172986247881
0.7226050786139492,-1.1427276032294857,-1.333933438290637,-1.3296297834626423,-0.4720813147895181,0.4862122458611974
-0.5210406233791133,0.30132852608494265,-0.6396738008586801,1.0075716096457246,0.795727053988088,1.294173699935973
0.31850638635918194,1.60931358921443,-0.316701549891374,0.6751030396561818,0.5189681440834594,0.7192321471298626
-0.5761501900681156,-1.9222434029224869,0.6829565361967407,-1.7738163831089613,-1.2112073323074282,-1.0887161621717016
0.5138264336000904,1.2567025576435733,0.42278129570939965,1.0368975902537176,-1.4677566904809984,-0.2863722186303208
0.646792950405702,1.8061859830305904,0.7868890902164929,0.5046996023263973,1.6066288239505795,-0.07535717102822109
-1.6947175142880755,-0.5222266334721681,0.7829202049255958,0.3599791893975124,-0.9855118357937616,0.09347671073749131
0.6733702564953139,1.8577008767487122,-0.6968810253265703,-0.3100863099141405,0.4253712317884669,0.5410505730844084
-1.2095712346675838,-0.8861419761631264,-0.7859673801381347,-1.5446168851109614,0.6124918635573395,-0.051725958057203814
-0.03221084594865306,-0.17694998731770933,-0.18501577516218337,-0.33533053256138035,-1.8797868999084146,-0.8495978088316599
-0.9964805594541155,1.917069377402172,0.5982258593218408,0.6430193788616214,-0.3913116879895284,-0.0395477460991219
1.1499110411722533,-1.2321825168994462,-1.3355080107782773,-1.2536523099646493,-0.5062403457389157,0.8214601293198873
1.6917769387792139,1.2217096199116182,0.36996901934610604,1.1302417788355488,-0.6813227461185217,3.2395434378993406
-3.3036294154934644,-3.985114499848228,-4.3224421237203385,-2.858427009100938,-3.190068378233588,-5.10766122231173
1.0996593850818694,1.5278406511913893,0.5451834332735273,-1.354227121307927,-0.10076954078759984,0.200275053277209
-1.4455527256638252,-1.6148930921299676,-0.5134424687032841,-0.829387894902307,-2.593085167202102,0.1927920186973341
0.6432789807853941,0.5691797009639453,-0.5613441621783338,0.8060547930336909,0.37126693847648995,2.106786217990857
-0.7333846763451737,1.1752671159042298,-1.8916841038899415,0.46609316547962704,-1.1138166324165442,1.415264751938839
-0.4250168240725319,0.9309519608963006,-0.4561565877112795,-1.766396992604499,-0.7377609485062242,-0.8252590293566293
0.9662393506078788,0.9992296465791268,1.126492476092991,1.208626770439945,1.2453090527888147,0.5102893577675505
0.9510085629294001,1.1566396127525072,0.28162017670828093,1.5317032462692675,-0.588217570915685,0.5452333554832285
0.24556709100590662,-1.3810172897011297,0.2571316012817897,-0.0822476319911857,-0.4719152261206131,-1.6629349943023144
-0.574088793184377,0.23457916576725082,0.1999086119548984,1.0179569231652892,-1.0549041109677118,0.17053295760094822
1.2763503239806884,-0.8869570051013785,-0.03428031030376749,0.28896287743918886,0.4635460714551821,0.12649908089099995
0.5737167923068905,1.0094949668538766,0.4382735708957567,-0.7473909467529629,2.4153867758022782,1.4050339234936673
0.303511511491432,0.6663700309520177,2.0771910627266585,0.48691862330285746,1.9331144063621633,2.515414905502327
-0.19942786273312516,2.406192201335845,1.0290181668211331,-0.4265899341877617,-0.42593380266214154,0.8769938729679617
-0.40895505153307193,-0.8564638118894663,-1.3944434976181141,-0.4551341618997231,0.06678798075110104,0.7257284894165412
-0.9312994425988792,1.2915917558932937,-0.5736550364202082,1.5199937397823056,1.625293167038603,-0.7174423660914164
-0.5245763662242021,-0.31736471643499137,-0.9998070523075575,-0.33142152574917105,-1.1342796051748398,1.9335251251771801
0.816158123050453,1.8277217958656005,-0.32227021970402725,0.6210616657021377,-1.5443399836622647,0.9803288308022349
0.6781253163490415,0.27870728838775555,-1.76413062395283,-0.2733944919562559,-0.17351294810604168,-0.9580613460491828
-1.464931391924654,-2.9299521137770173,-2.1877822199281054,-2.16853176139199,-2.033394625479064,-0.3949412522511775
1.9349266489621728,1.1272170620308921,1.761769191147914,0.8463221195524531,-0.36551074743227985,-1.473693677308094
1.1184007850569786,2.791307884339178,0.2137133932058548,1.9746102816729973,1.2139952118331785,2.2487614612857927
-0.15976241763640897,-1.1978919375612527,0.15084285834620786,-2.1413500586384724,-2.484928231197928,-4.008299911977447
2.123748759607082,0.4873895128759056,1.002957142688001,1.44686763818554,2.838232543235467,1.1294874325287994
-0.13565235372959145,0.25185666826496056,-1.0124829089652243,0.5554233979547949,0.7254678116312245,0.03251899388269064
