truth,error,observed
98.73120892943464,8.262041282680636,106.99325021211529
112.60600188396214,-11.565527128638793,101.04047475532334
93.04775841718013,-0.1285896108836708,92.91916880629647
91.73747493279431,-4.194419442304868,87.54305549048945
111.04060648157939,8.047268793216576,119.08787527479596
98.38177897739773,-8.02728580175238,90.35449317564535
97.44566275267344,1.935040206489625,99.38070295916307
83.67502432195685,-8.072050667553963,75.60297365440289
54.834224863480266,0.5129368160736636,55.34716167955393
91.10238500798127,9.487315311657866,100.58970031963914
88.60309305546893,-10.040813693181576,78.56227936228736
104.38074795491039,-1.7871469247479017,102.59360103016249
106.3209789186863,1.3998657902925273,107.72084470897882
80.58266378498662,7.968635554122617,88.55129933910924
101.03927633295173,2.0913835818624826,103.13065991481422
87.8044228409193,10.7765510136654,98.5809738545847
122.66279608536776,0.3553127838565683,123.01810886922432
95.92586680060154,-7.912263312969532,88.01360348763201
123.37380892932052,0.9911453841150768,124.36495431343559
96.43975194843188,14.20339189350787,110.64314384193975
119.24684323379404,-8.42372090129063,110.8231223325034
99.857655462671,-5.491603536425525,94.36605192624548
93.99875827511147,0.2063233055273104,94.20508158063878
100.32978435731813,5.174010599184129,105.50379495650226
126.14151071796685,1.7759940612400467,127.9175047792069
83.39238761040956,7.112149804670307,90.50453741507987
84.0926577626528,7.628493524582805,91.72115128723561
129.2674197903643,2.8851282628168797,132.1525480531812
109.04060113910656,3.5792388069822167,112.61983994608877
69.69085778746933,21.673378155063546,91.36423594253287
122.60013314313312,-2.134373890614188,120.46575925251894
114.45566633754373,8.222866054936254,122.67853239247998
76.69162881683611,-22.210845570257852,54.48078324657826
88.39536431914426,-3.9726308626097624,84.4227334565345
118.9116693328863,7.127205103659517,126.03887443654583
106.42683668321587,-3.098291803525024,103.32854487969084
112.66875305434301,8.733142695210176,121.40189574955319
89.51274171817067,18.97252555486272,108.4852672730334
99.027065851242,0.7429036671692868,99.76996951841129
107.06475468135336,6.56474884838444,113.6295035297378
105.45250932527142,5.732048639049132,111.18455796432055
90.78166136237235,-1.3186941547744837,89.46296720759787
103.43423935664438,6.384941837931199,109.81918119457558
96.0691474938416,-13.008676290028701,83.0604712038129
109.18833986038034,5.683765354453076,114.87210521483341
70.63581261062937,10.27046432012388,80.90627693075325
90.04738792803042,1.5849700834023623,91.63235801143279
104.25681273155763,17.26971242857532,121.52652516013295
104.03076945173365,-1.3080840420093671,102.72268540972428
90.39842889267449,-6.633059098760342,83.76536979391415
116.19926899773802,-3.31491042342061,112.8843585743174
94.52280488771753,12.235468308099074,106.7582731958166
108.84048084252183,-8.382991656492866,100.45748918602897
98.55856079452782,1.8236470412338732,100.38220783576169
114.57261632917059,-6.042198391774019,108.53041793739656
108.67703417075363,11.309046048116626,119.98608021887026
88.34239744844385,9.635059117566891,97.97745656601074
90.98736826601699,4.533976810993374,95.52134507701037
77.51020886235706,10.862459643284286,88.37266850564134
111.31245136901752,-1.6012819220036387,109.71116944701389
108.35941487688615,6.281663735099527,114.64107861198568
101.4231571866017,14.33172920329496,115.75488638989665
73.2783787501235,-2.77394582161057,70.50443292851293
83.36811379965911,3.020922202821704,86.38903600248082
95.9882832667488,-2.876833716104747,93.11144955064405
83.85020373426,4.547301520626095,88.3975052548861
92.6327242718098,13.86053774178615,106.49326201359595
124.58796983281907,-9.478722975320908,115.10924685749816
105.95165519299252,1.2527985456354045,107.20445373862792
76.02889910449196,-0.977534159157584,75.05136494533437
77.9846473728425,-3.5177257519471627,74.46692162089533
115.60206831215304,1.5474287573841654,117.1494970695372
111.7424648669973,-7.116003303879406,104.62646156311789
92.84355369188913,13.765452983186295,106.60900667507542
101.41036959152983,-3.437716596025084,97.97265299550475
108.98469032721768,-5.504220718795347,103.48046960842233
56.54053046869715,5.2604587582256235,61.80098922692277
108.7554503819868,-6.036958922831375,102.71849145915543
135.64125052544117,-5.079519575945083,130.56173094949608
90.3060690890903,6.618535250797152,96.92460433988745
103.64603468052725,1.7662532980868173,105.41228797861407
88.1576018558952,0.262236350341985,88.41983820623717
83.5945085201794,8.779896042441857,92.37440456262127
130.66911047425606,-2.5185142187111693,128.15059625554488
74.77999494549263,-1.3171998469456923,73.46279509854693
118.22924696934255,-5.835755826432276,112.39349114291028
98.5641472481367,1.5350795693233075,100.09922681746
85.72908301504008,-9.810007229730049,75.91907578531003
109.01898237451064,-0.37146119511449577,108.64752117939615
54.78209143131269,5.839628787424095,60.62172021873679
111.5422690494779,-3.7084337189488954,107.833835330529
123.53412997969048,22.869259100268163,146.40338907995863
92.45924836325983,-5.179185814477647,87.28006254878218
90.73167669442904,-10.066625590888613,80.66505110354043
79.72852029836567,-12.197902392433951,67.53061790593172
111.53631862232703,6.5139418659417565,118.05026048826879
104.94203676111641,-4.001166752472676,100.94087000864374
99.33781514560589,0.2740468234786553,99.61186196908454
90.44144078535234,-15.201600524433056,75.23984026091928
98.9607589248252,-0.7609548723731078,98.1998040524521
104.45276916947432,11.635175047427133,116.08794421690146
71.49139613511052,0.9695008898159604,72.46089702492648
75.28951546989173,-1.4323399409008344,73.8571755289909
73.32391857291319,-7.757627242610761,65.56629133030242
100.52415107497987,1.2692789472878987,101.79343002226777
92.58180339806196,2.2840116916761666,94.86581508973813
109.11317390171811,12.062296803861662,121.17547070557977
94.53452729346766,7.744487711537572,102.27901500500523
102.5190151449312,10.065120728910816,112.58413587384202
108.4993400009494,-3.9307366248613884,104.56860337608802
97.66479139807545,3.9151112273119204,101.57990262538738
87.43023869440658,-13.07584601878306,74.35439267562353
108.20521704542955,-6.418607429082514,101.78660961634704
83.67942014370539,6.649811572946227,90.3292317166516
121.77710737080102,2.814041338644357,124.59114870944538
120.80463304857055,-3.0176526012878235,117.78698044728273
103.90132024826303,-12.401489289744449,91.49983095851859
121.65438913729449,-4.357027643355369,117.29736149393912
82.13138076868277,0.7961602935494139,82.9275410622322
95.52415965531603,-3.111477512825315,92.41268214249071
82.83385837995192,-12.216655816275557,70.61720256367636
74.17697022660325,-10.752689285565026,63.42428094103822
94.45471708893665,4.807176493786388,99.26189358272303
127.33113266539907,8.921452965038196,136.25258563043727
107.16384705583776,7.679023264666294,114.84287032050406
102.10822788064817,-3.2857757047007126,98.82245217594746
74.10963319858462,-8.337785513551946,65.77184768503267
104.14797484974846,3.0397104006733886,107.18768525042185
79.5586048355714,-7.842839129003884,71.71576570656752
112.53135710375906,-0.4163698283177669,112.1149872754413
133.38434846161613,1.5552640840496434,134.93961254566577
102.58400442736477,21.37871493675994,123.96271936412472
77.49110823910955,-14.362891003912813,63.128217235196736
79.8007396326791,6.062639737229196,85.86337936990829
63.98376568366367,-6.982164375966443,57.00160130769723
111.90280609110658,0.3523498438171312,112.25515593492372
106.65836996322692,-5.161457382673223,101.4969125805537
107.5573914395959,-3.425257544566478,104.13213389502943
121.42126980739232,1.405286861181855,122.82655666857417
72.51869591227704,5.328745356436024,77.84744126871307
120.14174203428516,6.607883778719821,126.74962581300498
136.58416505537787,7.156390954138115,143.74055600951598
110.1540416854277,13.462454669668071,123.61649635509578
70.46529061149994,7.16741375655607,77.63270436805601
101.20572133394423,-9.492092339635205,91.71362899430902
89.42846153799402,-8.574339227108993,80.85412231088503
108.95878479706192,9.377228678902574,118.33601347596449
111.93669450298611,4.716623970532603,116.65331847351872
84.53745891821121,1.851988559141181,86.38944747735239
93.7070975547976,4.601387843918915,98.30848539871651
102.40136700714594,4.2967915174856355,106.69815852463157
91.53279504843218,3.3362776507875274,94.8690726992197
103.41259813965911,-0.2887769778678432,103.12382116179127
103.85618325780146,4.031380606478165,107.88756386427963
94.93448799832666,-4.541750405188443,90.39273759313822
104.56858694557081,0.1468150622288811,104.7154020077997
110.86655630343083,-9.100197993243015,101.76635831018781
89.7224004340548,3.676295456671024,93.39869589072583
109.9222885530887,3.855011306992123,113.77729986008083
125.88129429934146,-3.7250910961813584,122.1562032031601
104.82018554143689,7.966006213222055,112.78619175465894
108.64473837061722,-2.8334767344251928,105.81126163619203
78.85011735221369,5.4382793650295405,84.28839671724323
85.06746900813056,7.8179159361418655,92.88538494427243
123.40448419514678,-6.324460340176677,117.08002385497011
103.05390995361593,0.8311538551327929,103.88506380874873
94.18547806406582,3.8371431901583,98.02262125422412
113.79422249513354,-5.186143062725365,108.60807943240818
94.30391610629947,15.581300844965101,109.88521695126457
111.16367876458662,-7.071256773576281,104.09242199101034
82.25226852720607,-12.524119970559603,69.72814855664646
104.14628596985591,1.439812066226185,105.58609803608209
94.6567341900237,-13.6271829283538,81.0295512616699
114.8158579597372,-2.4024899314413535,112.41336802829585
95.99149526927394,-7.5307731832727,88.46072208600124
107.2004093471308,-9.641076050064765,97.55933329706603
111.51134112041737,8.982695816762934,120.49403693718031
114.09163129965602,-5.877055479035698,108.21457582062031
84.20181113628678,2.890616732068775,87.09242786835556
115.20426661482685,2.8608084823119664,118.06507509713882
81.18740146827511,3.361785881633685,84.54918734990879
94.29124551215311,-6.889721470160101,87.40152404199301
103.13633244295961,-3.494649282850346,99.64168316010927
98.12865734295178,-0.5309020317793686,97.59775531117242
132.79566896671935,6.595891590030102,139.39156055674945
101.23034857174034,1.6452078351741901,102.87555640691453
131.681530698112,-1.1376109157175558,130.54391978239445
115.5151405443163,-3.0397319397313773,112.47540860458491
97.02740189819067,2.7249424614069286,99.7523443595976
84.41155632219781,-19.711777849366523,64.69977847283128
97.99503849466896,-0.8785227925968981,97.11651570207206
91.2694571319749,-6.558408829041427,84.71104830293348
86.4548316096975,3.7040797589567216,90.15891136865422
87.9725237839904,1.4235859282534522,89.39610971224386
119.81231009791652,-14.306630916070029,105.50567918184649
115.5876947431492,-5.366626256525132,110.22106848662406
108.37166554056702,14.534609145160681,122.90627468572771
80.06969281290998,-1.9232568626025395,78.14643595030743
71.13164816630666,0.17107612597904878,71.30272429228572
100.3404311097913,-7.401929033034754,92.93850207675655
91.27767381048919,6.051191317494301,97.32886512798349
96.63772560003711,2.185877355752697,98.82360295578981
117.97651283998857,-4.240736207254404,113.73577663273417
79.62131931501524,11.638066304982294,91.25938561999753
99.69892916663235,-1.7328160280427674,97.96611313858959
113.352001525613,-19.095903596597058,94.25609792901595
99.58211645393506,2.367180831099563,101.94929728503462
86.80992016390476,-8.922023718413401,77.88789644549136
111.47983063404565,-9.563715174200539,101.91611545984512
85.3361717616661,6.429431394293791,91.76560315595988
107.95457420671602,2.1234003701749735,110.077974576891
114.02358964090563,-5.59365028278986,108.42993935811576
105.1928242530777,14.82488294405921,120.01770719713691
88.9962873230238,17.349647324293233,106.34593464731702
110.65664808943589,1.6303223614232225,112.28697045085912
95.1593793368045,6.591538050170404,101.7509173869749
94.590421915442775,-4.494751151246687,90.09567076419609
102.3272994274863,0.6150413007395418,102.94234072822584
79.13640782487889,7.145322858142951,86.28173068302183
120.59791017537756,-6.245142043514244,114.35276813186331
87.02275472169585,1.6437870466847349,88.66654176838058
80.4623672767779,10.720585194182194,91.18295247096009
113.40131140708664,-2.168534560697591,111.23277684638904
86.7943500806745,-1.7622328167230314,85.03211726395148
93.75070830730455,14.285437365052982,108.03614567235753
99.39056260989092,13.4721147617409,112.86267737163182
102.15384482045273,-7.873399097786808,94.28044572266593
101.46267075850838,4.576266900524529,106.03893765903291
102.49644530961943,-10.882468080730273,91.61397722888915
122.14466655098016,10.097262483407292,132.24192903438745
76.80985699764028,2.037672097853145,78.84752909549343
120.5639055353728,-6.476601493384748,114.08730404198805
95.39684563002602,-2.3222891434159263,93.07455648661009
97.32775542313588,1.289132634890147,98.61688805802603
112.612983309684,-22.332859404668955,90.28012390501505
89.44218004976366,5.357962709762896,94.80014275952657
94.29477197840825,6.5541983310128265,100.84897030942108
90.80728820194581,3.5867110604506562,94.39399926239646
87.28584852704662,6.975686162294821,94.26153468934145
121.76886210715206,15.33508791814872,137.10395002530078
84.39341777932547,6.182764398461879,90.57618217778736
100.36988695144997,0.6137725332661821,100.98365948471616
112.9330049633206,1.4061504312032125,114.33915539452381
110.624302150387,-2.4138004808323354,108.21050166955466
90.4514785291915,-9.47013184872613,80.98134668046538
113.63127992825106,-5.908239840067839,107.72304008818323
91.25901326575388,0.8089456783423703,92.06795894409625
101.21646622379671,-14.587393732455075,86.62907249134165
99.34531764347808,11.46052978256667,110.80584742604475
104.13079212072282,1.988046132653397,106.11883825337621
115.5215013959237,2.0039958909157582,117.52549728683947
93.33979967987516,0.3785298344695732,93.71832951434473
79.86415899898806,-12.662070207133965,67.2020887918541
97.54930543787725,-3.537279127910035,94.01202630996721
96.2620194458629,9.01621191994308,105.27823136580598
109.9370611198446,-4.6712635367435285,105.26579758310108
109.65956136812373,7.930208820205774,117.58977018832951
87.22108057321607,7.566382689997107,94.78746326321318
89.12911943181345,6.206591842456059,95.33571127426951
97.92976663784782,9.114405203425084,107.0441718412729
94.81439035401611,1.35945546712318,96.1738458211393
106.11822745434546,-13.120019573969829,92.99820788037563
91.86424609043789,1.8675497909234287,93.73179588136132
66.49029582854,-13.617520754615102,52.8727750739249
119.76430202113687,0.5754196293782414,120.33972165051512
106.32825891709578,5.412481168981691,111.74074008607747
88.86221516796407,-1.2280786245628903,87.63413654340118
103.69822582589632,-2.5056228989510374,101.19260292694528
91.9785116896346,-3.1162375482735394,88.86227414136106
79.36684099028048,11.804358804166023,91.17119979444651
93.8382423725733,-3.7539498750923435,90.08429249748096
116.0816401675111,25.30401434232648,141.38565450983756
114.16290186360574,10.223429037469447,124.38633090107518
90.09107639709805,-1.317887781564846,88.7731886155332
106.94837826766432,9.3223168252543,116.27069509291863
87.49754188964675,-6.148279025455368,81.34926286419139
75.1583675208447,-0.45453721907753575,74.70383030176717
96.35579472481884,-1.615863343428911,94.73993138138992
88.97756029508905,-11.384752730694075,77.59280756439497
104.32075102001716,0.8665470253602735,105.18729804537743
62.202021976142724,-13.799217550522116,48.40280442562061
108.3886107607774,-4.494257162830675,103.89435359794672
94.43837323449645,-0.8942252914795608,93.5441479430169
96.30474053877171,0.03324978330995848,96.33799032208167
83.97199633227018,8.653001557642789,92.62499788991298
102.83289450600414,3.641266051906282,106.47416055791042
89.49848431212905,-3.927218304907356,85.5712660072217
99.1769218227651,-7.110598879084791,92.0663229436803
100.07086108264629,2.9797145478592326,103.05057563050552
107.7061644039548,8.715346300104683,116.42151070405949
96.51875795459347,9.176938906316495,105.69569686090996
92.44294928985174,5.916825309398928,98.35977459925067
113.96720544795365,-17.934292831042793,96.03291261691085
113.00024326317957,-5.469886219183403,107.53035704399616
75.77384997251261,-7.141943543345522,68.63190642916709
93.77717873056906,-1.6933790791127337,92.08379965145633
104.43819143351921,3.567586741596409,108.00577817511562
92.4787912417744,10.658388727832499,103.1371799696069
102.52594547188242,0.42346430294530746,102.94940977482773
77.7324235629354,1.5673211739395583,79.29974473687496
85.97252895825928,-7.022913504235252,78.94961545402403
80.22515102155492,9.371136281277469,89.5962873028324
87.3471603201607,-3.7312868914094617,83.61587342875123
97.29644404014054,8.075366223397083,105.37181026353763
77.8972420921711,12.62094213952515,90.51818423169625
104.45282665371383,-6.090615462826727,98.3622111908871
107.25409488217419,22.561846646434596,129.8159415286088
101.02699688641648,1.6641395116273117,102.6911363980438
104.33248219082198,6.4803482037751365,110.81283039459711
119.72172063449757,-7.998327469758199,111.72339316473938
95.56640969173303,8.629190240444705,104.19559993217773
99.0313234627028,3.4918190787289642,102.52314254143177
111.64423285726117,-3.3748149274646226,108.26941792979655
83.80584069499469,-2.5464884775077388,81.25935221748695
108.88223811721177,-4.592611496163686,104.28962662104809
104.90143996285865,13.112771303780162,118.01421126663881
65.56215839096171,1.5322745930653512,67.09443298402707
93.95606921918042,5.509252190001364,99.46532140918178
116.88855173177714,-3.429459538783668,113.45909219299347
115.94639106151045,1.7708251800499826,117.71721624156044
82.65409977781586,0.9843266731139575,83.63842645092981
85.6799349147984,3.1927200151777924,88.87265492997619
90.36464675690993,-5.897537888467245,84.4671088684427
98.05462736358636,-5.090683921278548,92.96394344230781
104.43743756043803,-15.957311474853535,88.48012608558449
112.37349277027644,-7.597718242081235,104.77577452819521
82.76753124977125,3.7173948595271202,86.48492610929837
123.78360911143861,-1.222903071801574,122.56070603963704
98.00730860732506,-0.23012362031183423,97.77718498701323
98.2165040330905,1.6872951828042733,99.90379921589478
101.79140042535748,-2.779840728813376,99.01155969654411
102.90241138559716,-4.315244980969311,98.58716640462785
122.04208660944634,3.705911456695911,125.74799806614226
67.59403258307891,-10.154174463888122,57.43985811919079
134.6453671828237,5.95983550200652,140.6052026848302
114.76879857965089,8.085481548201434,122.85428012785232
122.66160480363074,-3.3012409973945225,119.36036380623622
99.33238369357646,9.797983046565669,109.13036674014214
82.69778477620343,4.8823240260814815,87.58010880228491
134.41214706434278,0.8138163771575994,135.22596344150037
108.08007097870919,-10.407573132870798,97.6724978458384
97.80463807744846,-6.960636901763565,90.8440011756849
85.31172073132309,3.882611847425913,89.194332578749
72.53240752590595,5.498977297007043,78.031384822913
128.05053997296065,5.351342516984914,133.40188248994556
77.45469412436678,-7.140146489559736,70.31454763480704
134.77477813500553,-3.517652278012945,131.2571258569926
81.15576682626265,-0.6624154201951771,80.49335140606748
85.92244730479693,9.281492852292295,95.20394015708922
92.09829942154016,9.3439061693996,101.44220559093976
74.00082920753488,-11.889267701028723,62.111561506506156
83.81907429529409,1.0134111597631557,84.83248545505724
94.4539064263286,9.819632675784275,104.27353910211288
121.27936212553121,-7.022233846030742,114.25712827950046
85.59226925711857,-6.545534596420047,79.04673466069853
106.66858895412668,-12.907075869101549,93.76151308502513
113.8034714009231,-8.830445298659185,104.97302610226392
103.72623964524053,-8.029252159678537,95.69698748556199
96.12823334479718,11.86493864713748,107.99317199193466
134.50919726609135,-6.219168332727546,128.2900289333638
100.93802841458421,4.323479474999343,105.26150788958356
103.46670946600572,-11.799612530668337,91.66709693533738
122.76412751352711,0.08738003189134655,122.85150754541846
92.51885659299512,16.178520279504717,108.69737687249983
100.06379273543446,2.8905268130253883,102.95431954845985
105.39274456692033,-7.237073277309424,98.15567128961091
131.24448835649946,18.18567496429883,149.4301633207983
78.87948877128588,0.9069361220885184,79.7864248933744
118.26775741480162,9.151475699465669,127.41923311426729
110.82686708260725,1.9394229978717126,112.76629008047897
96.97530223230777,-10.582035928006697,86.39326630430108
101.43052460146195,2.9058665317111503,104.33639113317311
69.51059080634204,15.057428403807435,84.56801921014947
73.36342622453176,-7.1442957657307256,66.21913045880103
100.9903882728632,-10.770776975348491,90.2196112975147
81.63844012255511,-2.153140001646621,79.48530012090849
123.67681850822422,3.666896559276996,127.34371506750121
96.93147991377468,5.3546828170804455,102.28616273085512
106.19988143671083,-15.163338840944686,91.03654259576614
94.66683437488891,-0.44812282883898247,94.21871154604993
123.67284917876512,9.788627841575886,133.461477020341
83.60664083751988,2.423015983902241,86.02965682142212
88.50757462288959,8.151373394292673,96.65894801718227
63.38785118019489,4.885813787381955,68.27366496757685
89.98187532060476,15.539626131685921,105.52150145229068
86.83311361103527,5.9721550630637035,92.80526867409898
96.2576886468435,-9.422270115499026,86.83541853134447
86.28184291521457,1.2631504986426334,87.5449934138572
101.213136978392,8.027901881141451,109.24103885953345
98.75673280395971,-2.2664844071020878,96.49024839685762
93.9035681647669,-0.8433328873535437,93.060235277413355
110.48510717229335,2.546825737653888,113.03193290994724
107.08670054045349,9.453631586877886,116.54033212733138
114.72932553094843,0.01940092053891914,114.74872645148734
78.31765799419551,9.060955532684469,87.37861352687999
100.2475662170434,0.10032397429988221,100.34789019134328
97.13257256635244,17.08772689740942,114.22029946376186
109.09225833737914,4.602313095527077,113.69457143290622
116.6588779012225,-4.379356978936183,112.27952092228631
99.56335314968922,-3.8081295553596326,95.75522359432959
95.61492688309191,2.563254980875011,98.17818186396693
122.18037892680631,7.855041038966842,130.03541996577314
110.97653605562151,2.779658120006902,113.75619417562841
82.01515338072934,-4.30816159474975,77.7069917859796
122.73657369649544,8.534912506733692,131.27148620322913
94.47682307569977,4.038975439492749,98.51579851519251
90.82700630171554,-3.3281041648159886,87.49890213689956
85.08891420088645,-10.147000128876927,74.94191407200952
103.35767544082316,1.245257245681471,104.60293268650463
118.66909294899486,-0.7751083313950977,117.89398461759976
67.80002423272947,13.880062696608464,81.68008692933793
107.89870697914644,14.470575335766123,122.36928231491257
98.01110743246187,2.737149130227679,100.74825656268955
94.55039205054973,-1.9327421099061035,92.61764994064363
86.6438869027177,-6.250521852505981,80.39336505021171
91.83752903526609,5.246883676068762,97.08441271133485
93.09194008460355,3.5376669541878987,96.62960703879145
97.02843278391128,0.45885626572333094,97.48728904963461
99.19019029755177,5.701487560376218,104.89167785792799
101.00704486133536,-4.621186024835168,96.38585883650019
120.55931724904909,-2.758565126625349,117.80075212242375
74.31076684154952,-4.4021646380281325,69.90860220352138
76.88842238896626,0.41091219917677274,77.29933458814304
121.4283528124235,-13.867060144857028,107.56129266756648
82.05552254199615,10.354098807034655,92.40962134903081
113.20455078499614,-4.449833444600956,108.75471734039519
74.76876341044724,-6.434765017318387,68.33399839312885
125.4832674376226,0.7751136440073105,126.2583810816299
97.67557586143253,-3.8274211150306416,93.84815474640189
80.88998547402359,-10.304674765267945,70.58531070875564
91.27081781897957,8.837784335599546,100.10860215457912
93.54008979925298,-12.185218179310207,81.35487161994277
104.56670491343895,4.660008608858626,109.22671352229759
105.02892549477649,3.876664559813693,108.90559005459018
65.73612670547887,1.591732566479946,67.32785927195881
86.81569627682487,3.3126096143262247,90.12830589115109
114.71588811644983,-3.8029177648477153,110.91297035160211
111.14073398682282,3.402273915503674,114.5430079023265
101.50851378187066,-4.7054243800345255,96.80308940183613
102.53530312216662,4.398268761536915,106.93357188370354
105.1495982846344,15.196835826746401,120.3464341113808
115.47874480368546,-5.758615990568006,109.72012881311746
124.23711450170279,10.425621870281494,134.6627363719843
69.10846908010545,4.3780343424790695,73.48650342258452
110.67191843488058,-0.23832671139970799,110.43359172348087
97.03735240488889,-4.454747281528956,92.58260512335994
76.60025918194785,-10.424466546278019,66.17579263566984
105.8805077200787,-0.29030718897370467,105.590200531105
98.43351971978488,3.4040268257560817,101.83754654554096
95.44021069748068,-1.6480330300322115,93.79217766744847
94.42803649713906,-4.525006557381306,89.90302993975776
119.33213424158079,17.818483442978316,137.1506176845591
102.52486239830726,0.7253935769042782,103.25025597521154
111.90271013264804,5.277258050993992,117.17996818364203
78.45019281867755,-2.7349953203361324,75.71519749834141
57.86195859288516,-4.908227804790154,52.95373078809501
103.68326792789237,-7.671642012583665,96.01162591530871
93.58672040044452,-6.52723902729769,87.05948137314682
104.9180864361642,1.4444056070765372,106.36249204324074
103.66525272584957,2.5272687338842696,106.19252145973384
114.1036545756395,11.406054046571766,125.50970862221126
97.94612166467458,0.5686829441933521,98.51480460886793
72.18634841206554,-8.11622728603373,64.07012112603181
124.65607677317303,6.214079127120699,130.87015590029372
97.85464741310165,-5.236066098771637,92.61858131433002
92.13712513309969,-8.21042893736718,83.9266961957325
111.83977231707993,-10.519182275284912,101.32059004179501
114.42161460383555,5.651767086705027,120.07338169054057
119.4026337072024,2.4945985754932756,121.89723228269567
79.65931091441217,7.234788529706315,86.8940994441185
87.22013909185338,4.723150047076275,91.94328913892966
83.45632403887537,3.903915360996159,87.36023939987153
112.64372167232025,-0.43486416097249353,112.20885751134776
93.92688346498554,2.663725457825842,96.59060892281138
105.16945510883485,-2.475464264323355,102.6939908445115
101.73839091784906,-8.078293815056352,93.6600971027927
100.3401521240179,6.220738498782084,106.56089062279999
127.15581473615003,-10.825472323269375,116.33034241288065
102.77410748157388,0.13341763958873099,102.9075251211626
93.5814887603205,-5.024970308608461,88.55651845171204
115.22245121205835,-3.782980951761295,111.43947026029706
87.51736683656542,14.495263136918322,102.01262997348374
77.90822320070941,-10.014959577644534,67.89326362306488
106.80600083029002,8.629100316088838,115.43510114637886
109.94690646284876,2.5174258862809995,112.46433234912976
89.26915793313226,3.9221363752600347,93.1912943083923
130.31146559493948,17.773650351042537,148.085115945982
128.83737835152544,-30.87669062854521,97.96068772298024
91.93129536303292,2.7392360113997825,94.6705313744327
83.18408419069942,-2.3785196564841122,80.8055645342153
88.7205678240764,3.318002251183689,92.03857007526008
93.91611775208047,-9.60168541733575,84.31443233474472
97.38496060828108,-7.197412985009641,90.18754762327144
114.95946873870324,1.1169662073197353,116.07643494602297
107.6141840411551,-7.940345059763164,99.67383898139194
85.45706792309014,-3.0087849225254337,82.4482830005647
103.20401954825701,-1.239956125338698,101.96406342291831
90.64282880839238,-3.90254123478018,86.7402875736122
104.95421073881978,-7.007567708313266,97.94664303050652
80.48670038403499,8.409764379898407,88.8964647639334
93.26290283121418,-5.036519388539045,88.22638344267513
100.35234246941623,-4.512467469735394,95.83987499968083
104.92913215784269,-18.563264023898363,86.36586813394433
90.12222295646099,18.826722309678246,108.94894526613923
89.59148218652541,-5.808144737861932,83.78333744866347
84.69827793187343,-7.58588123884777,77.11239669302566
83.49117380262304,-0.5140052534042576,82.97716854921877
75.72817504194428,13.4495889492378,89.17776399118208
132.2019963699418,-12.682759297249932,119.51923707269188
89.23246168578238,6.204738833569607,95.43720051935199
113.4740380512593,12.38084493420727,125.85488298546657
82.74892049221928,6.725905884795519,89.47482637701481
84.38950944133417,-8.684809890391529,75.70469955094264
99.05625799555922,12.103597377836872,111.1598553733961
120.66596723717619,-9.956147782875947,110.70981945430024
109.34788062873291,6.681492567501937,116.02937319623484
89.57022240519619,-3.188570531738831,86.38165187345736
105.21040090396274,-2.3576185053737184,102.85278239858901
75.08597704640304,4.62180176678056,79.70777881318361
118.38115109102472,-7.022571165845444,111.35857992517927
115.73669086907691,2.683612642522247,118.42030351159916
101.05637776618816,-6.810713017783953,94.24566474840421
105.11757986796596,5.779142306804128,110.89672217477009
93.14579770384512,12.286728290775264,105.43252599462038
105.43619498118791,2.300840024330249,107.73703500551815
106.46334692415746,-3.6900410804064454,102.77330584375102
50.77102387458937,-0.6816815051439502,50.08934236944542
101.19387223618317,-11.591802776153582,89.60206946002958
104.25083693799559,6.65740408299334,110.90824102098892
82.92999118684531,-3.0657613667886827,79.86422982005664
108.37502208426245,1.223636424701062,109.59865850896351
121.82175561668191,0.9013721520816048,122.72312776876352
113.79955395144665,-24.89174137388434,88.90781257756231
63.12077721546563,4.8374105109626155,67.95818772642825
120.36237418333798,13.417259580393033,133.779633763731
89.0030805516267,1.8264099920347694,90.82949054366146
105.77223900382604,-13.000120886134063,92.77211811769197
113.91595475627835,5.726037844278977,119.64199260055733
81.40915772031597,-7.270055400571166,74.13910231974481
126.04831348534243,14.88948131536131,140.93779480070376
107.03992120704184,7.668480305318638,114.70840151236048
104.06416697135722,8.887612976603133,112.95177994796036
89.95804335153528,-2.8967423639375713,87.0613009875977
108.19658927570723,-11.221659622909396,96.97492965279783
104.4306624669077,3.5543235658879957,107.9849860327957
82.9178156556064,3.1531488146055704,86.07096447021198
119.353393051871,8.937495843101965,128.29088889497297
66.55234374693507,7.3077229197875475,73.86006666672262
119.26453717901165,7.383184591569131,126.64772177058079
78.80217978235896,-13.430400801528558,65.3717789808304
89.52368640052349,11.580833145322154,101.10451954584565
112.34875146078295,0.7330155709365663,113.08176703171952
82.78766160582697,12.063197494457818,94.8508591002848
100.44804932781872,9.912899340848258,110.36094866866698
99.22193087763287,0.7091941502470787,99.93112502787994
95.63948855264292,5.315613349073701,100.95510190171662
99.06716649935046,-0.5493962225771726,98.51777027677329
83.92407351695037,-4.984190857644639,78.93988265930574
82.47413475047915,-10.295721490325995,72.17841326015315
97.05184023118628,-4.592162888136635,92.45967734304963
81.51150985757872,4.006046470304363,85.51755632788309
125.13738729644938,4.381491094205724,129.5188783906551
102.24727855512364,-1.3388922763493252,100.90838627877432
116.57570473992402,0.38463652757211986,116.96034126749615
97.50610652676016,27.165519455438975,124.67162598219915
75.65099149959258,4.9862986103865445,80.63729010997912
108.16130203800797,-1.958328829739091,106.20297320826889
106.48034952855245,-2.1668397302949693,104.31350979825748
73.93063142044541,2.4643784092768874,76.3950098297223
119.9472608487818,-8.785880506125972,111.16138034265582
87.61356205454292,8.457639970292185,96.07120202483512
88.78267523165877,-5.414509331904444,83.36816589975433
67.99693070899161,5.751116664147873,73.74804737313949
105.43958681637817,-10.312579385439681,95.12700743093849
96.43761548305741,6.8532224202957,103.29083790335311
86.31111331261563,3.6530387084673848,89.96415202108301
91.8044096657116,-19.075105002560168,72.72930466315144
102.67717479459867,-5.968248063762521,96.70892673083615
85.12092885268437,-1.916590096778756,83.20433875590561
87.07855265954788,4.9202668486363805,91.99881950818425
106.83503367751523,8.62383585953983,115.45886953705505
69.11266478751855,-3.8089610840629464,65.30370370345561
102.4597435131254,-11.810726173789568,90.64901733933584
111.82594426305094,-4.14186698123905,107.6840772818119
83.59333833881914,2.664601577116602,86.25793991593574
91.92893650411975,-2.4507598761259994,89.47817662799375
96.63505852275868,6.343932487469139,102.97899101022782
122.01001321611385,-6.446427182786895,115.56358603332696
75.90914819777478,-4.847704124019864,71.06144407375491
91.77370445416389,10.588674920407266,102.36237937457116
83.12216162794742,-2.9672572494697937,80.15490437847762
105.66144943190164,-0.9404163011249683,104.72103313077668
94.6228970299376,-3.134284760970189,91.48861226896742
100.38238695698521,-0.4651271138647572,99.91725984312046
87.45131377591073,8.931464670484232,96.38277844639497
105.16494864973528,-5.118515949031134,100.04643270070414
118.9415299595133,7.361237389289944,126.30276734880324
104.92373184570323,12.118975798678173,117.04270764438141
99.42301747096887,5.264337824627799,104.68735529559667
108.29281495925645,6.669958178486638,114.96277313774308
113.32295922318701,7.859785708845659,121.18274493203268
104.3906458049057,-0.8661668131401783,103.52447899176552
104.75253467256225,-9.529943236537925,95.22259143602432
69.63620475473846,0.0747236580453125,69.71092841278377
86.27049284115148,-5.152205721571732,81.11828711957975
94.85438186136889,-6.974442489946582,87.87993937142231
90.72543193811653,-3.790617287686846,86.93481465042969
129.53759966387884,-0.028525352756515562,129.50907431112233
119.23519995475479,-0.9929726953290096,118.24222725942577
118.27000535549841,0.9261839375295897,119.196189293028
80.84462262846814,0.9807936332314229,81.82541626169957
131.24653999596777,13.354164979000522,144.6007049749683
90.127619764899,0.3844336038625662,90.51205336876156
94.84265374843913,-13.255485778662148,81.58716796977698
111.16347746019072,4.945189242940304,116.10866670313102
80.16502341499455,2.6293740770131753,82.79439749200773
105.87070050822017,3.2359945740404736,109.10669508226064
98.57670770871727,-16.69890400132438,81.87780370739289
116.98982872320288,-7.8207503534593625,109.16907836974352
106.99362054022734,2.5396194724309957,109.53324001265834
110.57914826695927,-2.8556310719789813,107.72351719498029
79.80323152472285,-5.192559697465955,74.6106718272569
124.09263142541934,6.646504308961041,130.73913573438037
144.67053322436848,-17.43528152996004,127.23525169440845
113.3392119841685,0.278620172726381,113.61783215689488
94.53816579428023,-8.141534756009358,86.39663103827087
100.81928659894693,10.49998960852164,111.31927620746858
91.15937243963697,-11.131750335951361,80.0276221036856
100.75338603867516,11.37131977290515,112.12470581158031
139.2637426412392,5.822885164799058,145.08662780603825
109.40722329454009,-5.887375691613601,103.51984760292649
87.59158812623163,-5.832119932930737,81.75946819330089
107.56090387207531,-4.782495506058596,102.77840836601672
94.08115731425497,-9.367086363559194,84.71407095069577
105.36907088424279,-9.85888489432253,95.51018598992026
98.26935419323085,0.04249785317548282,98.31185204640633
110.2080122217303,12.729230570602775,122.93724279233308
105.66777847416722,-3.6874832344300725,101.98029523973715
105.79392443863667,-9.535363570412166,96.25856086822449
108.24329587307618,4.090915639620659,112.33421151269684
109.19980203062549,18.804759912753397,128.0045619433789
88.06429299833144,9.458314552029858,97.5226075503613
77.63779026873176,-5.668968608290246,71.96882166044152
88.4514608055943,3.857085791045486,92.30854659663979
124.38171236865362,7.792117545372232,132.17382991402584
113.55500273797007,-9.586960163557032,103.96804257441303
85.92640439485311,7.28879105715302,93.21519545200613
87.05006877660844,-6.895984583311374,80.15408419329707
99.81918482444591,-3.0272384196033455,96.79194640484256
84.72895763715796,3.0169390451477973,87.74589668230576
80.42692828567557,18.00017301054898,98.42710129622455
86.38236287452453,7.333768288983786,93.71613116350832
100.67869832157172,-9.603516671786048,91.07518164978566
123.87642458750882,-0.027890161290067817,123.84853442621875
102.19739841438548,-8.591497278238068,93.60590113614741
93.05061091695727,10.002093305437166,103.05270422239444
103.5499293377408,-2.2233384728175873,101.32659086492322
109.96315598584874,-5.930700697373066,104.03245528847567
109.44992652373824,-0.9567663363280616,108.49316018741018
96.70237712015594,9.982479978274071,106.68485709843002
100.02184607073188,3.2723958050809956,103.29424187581287
93.24237539011027,4.302147130458108,97.54452252056838
93.72854378969289,17.836361181547176,111.56490497124007
105.07440359466429,-11.622677249266493,93.4517263453978
94.10225776171268,2.574695159162456,96.67695292087514
94.68307080591266,-6.535032690573955,88.14803811533871
81.89991555579697,2.5430194012335394,84.4429349570305
93.81669320108259,-1.0554126756139863,92.7612805254686
105.79942524004834,3.014518524904757,108.8139437649531
90.70271734269383,4.975670714343349,95.67838805703718
116.21813489271763,-10.38663609496024,105.83149879775739
74.8163655793758,-8.379570984873444,66.43679459450236
78.38964200803554,12.71627625321453,91.10591826125007
78.655266769562175,-15.527070740289561,63.128196029272615
82.92429291919926,-2.591162036391975,80.33313088280728
76.59973802018513,4.816448789376524,81.41618680956165
92.97611043230808,-3.438321998667324,89.53778843364076
107.0103517745183,4.959834417727063,111.97018619224536
97.79623546441672,2.2480579038306785,100.04429336824741
124.36873214024071,-7.239337314602429,117.12939482563829
106.36068114172328,-4.7794207785927805,101.5812603631305
91.58666702744661,-11.15771943895213,80.42894758849448
96.55252337385335,-5.578125015127195,90.97439835872615
114.9249620651172,-6.164289224495059,108.76067284062214
89.95508382860682,10.320149891156966,100.27523371976378
101.06807267298947,-3.160062039370612,97.90801063361886
82.24279744161322,-1.696248900517912,80.5465485410953
85.35050039051575,-5.742187823174048,79.6083125673417
128.04885498609832,-5.731947969617493,122.31690701648083
91.36152519811853,4.876550830196032,96.23807602831457
84.7135761712386,-1.1697198665372024,83.543856304701393
90.25510150517465,6.712144957758307,96.96724646293296
123.00899606054779,-8.968530088491354,114.04046597205644
98.38319326059987,-1.3044195809642252,97.07877367963565
102.54302996585542,-10.451019374958793,92.09201059089663
115.12388098113837,-0.05692153008407466,115.0669594510543
117.6574451266013,9.330853002374711,126.98829812897601
112.56514988618645,-6.487436612405388,106.07771327378106
110.03926382718764,-7.441037860405451,102.5982259667822
96.34510339206616,-1.1510729528488024,95.19403043921736
116.94003872197173,15.257057700643363,132.1970964226151
99.37614434246149,1.9341003838288393,101.31024472629032
113.71090485201358,8.245559268362666,121.95646412037625
106.49486626880756,-9.745531751229956,96.7493345175776
85.95079286747253,-4.6132128974680064,81.33757997000453
91.25880271055654,8.419222572306813,99.67802528286335
98.64019472387743,-5.824093927693614,92.81610079618382
129.36154142037654,-4.239081613386657,125.12245980698988
112.65081110707112,-5.568432463924945,107.08237864314617
101.73605383845742,12.138405492575982,113.8744593310334
100.77818476903013,13.41466767718575,114.19285244621588
91.60216606831789,12.148931606059,103.75109767437688
100.58817439476373,-0.2979001494612424,100.29027424530248
108.60693177204274,-7.930439295298364,100.67649247674437
74.15992287652159,-9.001367634910675,65.15855524161091
122.87687352648962,5.87597629452947,128.75284982101908
99.47201558346335,1.9622372030374413,101.43425278650079
97.1902498514953,-3.9840489144291693,93.20620093706613
109.03344643596826,-3.461898594108227,105.57154784186002
106.01891550608582,-6.8568068113778295,99.162108694708
134.635128194027,4.149041370455043,138.78416956448206
89.96626931450686,18.620298678984046,108.5865679934909
77.8671677014694,-0.9762938647094179,76.89087383675998
112.19770516570013,7.249316694048184,119.44702185974832
87.8716486407373,-1.7325185307128244,86.13913011002448
116.90227194079887,-15.446177727103128,101.45609421369574
112.32345521113349,6.811582496737276,119.13503770787077
87.0219479231935,-0.7586815186780008,86.26326640451549
101.18973024245982,-2.4298211838895973,98.75990905857022
107.59037884917952,11.262420272944485,118.852799122124
56.90498855280922,-3.8625814660470135,53.04240708676221
101.92336947218907,6.096878533006996,108.02024800519607
96.53723936341167,8.92744912046876,105.46468848388044
98.84172114530067,0.44656884802679275,99.28828999332745
92.41154360852308,-18.23379322158336,74.17775038693972
125.15309655872917,-0.04870314962692548,125.10439340910224
124.08493763029882,7.624665461478965,131.70960309177778
113.69092499750415,-7.788483475589565,105.9024415219146
112.51133275154905,-4.3844922944275595,108.12684045712149
111.7364051118625,3.788639970250446,115.52504508211294
80.84339311578381,-1.105900326339037,79.73749278944477
116.62510626353028,5.706155273549017,122.3312615370793
90.05268937347523,-4.896874708285236,85.15581466519
107.63471942543904,-11.098677417648727,96.53604200779031
110.40200653700016,-3.727465566765407,106.67454097023476
98.95383342969792,-0.07480377880656747,98.87902965089135
118.95363380920357,-13.040401249407045,105.91323255979653
96.43446242120214,5.285492373015494,101.71995479421764
86.7331511375923,13.969867310276038,100.70301844786835
117.66214417966174,-1.8516530817954295,115.8104910978663
113.5273828878199,4.051178444584498,117.57856133240439
106.92870526978969,-3.8668474686387784,103.06185780115091
97.55202407593357,-5.984246232355966,91.5677778435776
116.91296439658227,-15.297548363463417,101.61541603311885
86.99866056366274,-9.087679037077198,77.91098152658554
86.54085843079524,-5.423082294923974,81.11777613587127
96.04833083929053,10.063724654446181,106.1120554937367
113.51814527461615,-20.307744250533815,93.21040102408233
66.5687120479483,-13.332799463253941,53.235912584694354
73.37537847122564,1.6144698866897174,74.98984835791536
95.05526287522609,-9.602139829654341,85.45312304557174
74.78456484703915,12.173945070616082,86.95850991765523
105.83794893751029,8.156034169449683,113.99398310695997
82.75820802661703,5.435220825622826,88.19342885223985
85.4183538800502,-6.669092911665083,78.74926096838512
104.88817171442874,-1.126120167459289,103.76205154696945
85.21400886621859,-4.063602539584161,81.15040632663442
131.53621707940374,-0.26536503642627884,131.27085204297745
86.71018486987789,0.0034446626818034494,86.7136295325597
109.80367597288442,5.978968915584965,115.78264488846939
89.91352833540847,3.00137969614063,92.9149080315491
120.58981052331896,2.5873891245290905,123.17719964784806
86.02975572737851,0.9589154472566491,86.98867117463516
86.38847084109797,-7.867586728396092,78.52088411270188
108.99219827951086,-9.813177725163241,99.17902055434762
126.60537555883174,15.83402810065804,142.43940365948978
110.96397096392053,-12.307856025140124,98.6561149387804
92.90217482480824,-8.84699378627926,84.05518103852899
116.51816563964394,-7.780382265493818,108.73778337415013
66.55721711834255,4.937238631915721,71.49445575025827
110.97716458428084,-0.9768653253527504,110.0002992589281
107.7455542595988,0.10154074737051555,107.84709500696933
104.17539955341252,1.9990459694574638,106.17444552286999
105.07383683425861,2.0884030148513157,107.16223984910992
95.33622722836586,-2.7353956092797826,92.60083161908608
74.2775254998904,0.3430288961641035,74.6205543960545
140.25479409339783,-10.09757689627379,130.15721719712406
91.85710671631108,1.1972105801444208,93.0543172964555
86.58671649564714,-0.822870096633007,85.76384639901413
108.13324463195879,2.1640061178416192,110.29725074980041
109.36920684307864,0.09850264848203485,109.46770949156068
101.88945262812555,1.0012598006052615,102.89071242873082
111.22101631686662,-4.622852526031548,106.59816379083507
94.91067111682898,8.295699935874952,103.20637105270393
97.93177576250694,16.654818436006945,114.5865941985139
106.53955877108886,1.6273373303768397,108.16689610146571
73.74940281497094,3.0727689254484987,76.82217174041944
108.7069406552405,-15.925502185208948,92.78143847003156
71.52240985917463,1.2774162351991092,72.79982609437374
120.54652508431931,1.511720443964643,122.05824552828396
107.39118933010906,14.237007216157439,121.6281965462665
109.09693091232673,6.830258618715025,115.92718953104175
71.05626334269178,1.793738926657838,72.85000226934962
109.97856407997651,-7.623766866279279,102.35479721369722
115.3868731648057,-6.43094218343029,108.95593098137542
113.86605614272816,-14.991729256875201,98.87432688585295
115.34326998222882,-0.9043745514106848,114.43889543081814
106.34086837906966,14.23279449436394,120.5736628734336
111.91898514112646,17.603127434244218,129.52211257537067
96.17580993996559,1.5054752054095089,97.6812851453751
105.06853254989996,10.647244290496419,115.71577684039637
103.00173195600186,-5.680524829915985,97.32120712608588
97.19913004029505,-6.730742697790277,90.46838734250477
52.1177394098508,-0.5444092238822387,51.57333018596856
94.91247032665011,-4.67141274376754,90.24105758288258
110.69277299483777,-7.062791526194606,103.62998146864317
100.11708171108869,-13.409890772651865,86.70719093843682
79.4794232861516,-7.144666348616197,72.3347569375354
102.33582487294868,5.296760835735945,107.63258570868462
89.97953075798075,-6.756847120573996,83.22268363740676
93.1176513293367,-5.6646308992835035,87.45302043005319
95.49309214361318,-16.785964311515762,78.70712783209743
86.20967971000402,-4.202912090493714,82.00676761951031
107.34017221857914,1.5853784952903902,108.92555071386953
104.57325132551384,-7.107241013783334,97.4660103117305
90.56093591661862,7.243314285620298,97.80425020223892
111.72268963752744,-4.667987983643457,107.05470165388398
69.83363467192777,19.592228144801986,89.42586281672976
110.1061118422877,1.682334841452678,111.78844668374037
86.0349108058196,4.952596500849617,90.98750730666923
99.42650409557982,-16.571659079321677,82.85484501625814
122.8887246229851,7.748924437687148,130.63764906067223
109.81026170514747,-5.374494709468259,104.43576699567922
91.13636213798475,7.867755564091428,99.00411770207617
130.3230774564255,5.940710412334492,136.26378786875998
85.36302906603,5.520489353819538,90.88351841984954
90.915137851077,4.674868858050172,95.59000670912718
121.89533332754311,-14.347043302322676,107.54829002522044
103.89547903153466,0.914575282301234,104.81005431383589
106.74455312165523,2.269967943448256,109.01452106510348
91.90652994449879,-9.441012171906568,82.46551777259222
95.49535630305878,-16.267612189637184,79.22774411342161
110.11907279305265,0.08873412502233995,110.207806918075
114.15240249993893,-7.471672458233499,106.68073004170543
90.24459671565766,0.32536228314438825,90.56995899880205
89.67967584101282,-1.5782505264204876,88.10142531459233
98.17496895747585,-13.570702705306326,84.60426625216952
104.5494282344821,10.482335854397666,115.03176408887975
94.58599074992,-17.507375554490075,77.07861519542993
122.18437046025095,-4.044526113288718,118.13984434696224
86.39863429220881,14.631259909837619,101.02989420204644
73.47190342703743,3.2600540449261266,76.73195747196355
104.30332813620366,14.077676207029498,118.38100434323316
77.72174951270131,6.571608259684156,84.29335777238546
102.66298787510874,-6.6336295742405476,96.0293583008682
104.38281988986598,0.9596110253890383,105.34243091525502
76.88492741721927,-2.2209019423550966,74.66402547486418
105.39197969560695,5.784593649862087,111.17657334546904
86.5238173314025,1.1866957915547545,87.71051312295725
86.98984788372323,-6.43353726345819,80.55631062026504
83.9734181584659,1.3793586218190503,85.35277678028496
80.28883318758868,6.30975631396966,86.59858950155834
117.55544754635486,-6.296575507396403,111.25887203895846
94.17713978764407,-0.39743482903684757,93.77970495860721
79.7354328172196,-14.592932037236974,65.14250077998263
107.27752937815069,6.934286288523624,114.21181566667431
98.72167024096878,7.209874112781893,105.93154435375067
125.74250158700949,-2.4661698773478253,123.27633170966166
85.76718544693875,7.0440193264182644,92.81120477335702
123.75704177612363,-7.539364312006163,116.21767746411747
111.60247046876887,-9.775732542497959,101.82673792627091
110.39254166128775,17.768076252558362,128.16061791384612
52.20230140139323,13.157381553656178,65.35968295504941
99.01589462578644,1.5673758412896437,100.58327046707609
99.93842346820587,12.4484249169384,112.38684838514428
123.4312704052244,-10.711240010558956,112.72003039466544
99.78125693150088,-1.7831255417871232,97.99813138971375
101.75214317476612,-1.1482902209838368,100.60385295378228
96.13463630006471,-3.018807534319134,93.11582876574558
95.32125622051416,-1.9922987656291904,93.32895745488497
94.23936669070943,3.012543681145514,97.25191037185495
69.52974764073244,-10.328146571516752,59.201601069215684
106.79313411197194,9.920291272349436,116.71342538432137
106.19851775243367,-4.928552945007776,101.2699648074259
104.71599514154515,4.844145952887576,109.56014109443272
105.78377277918838,0.20156919558294248,105.98534197477133
121.50407810769582,6.973607837570826,128.47768594526664
91.85884457889253,-6.77601159616196,85.08283298273057
92.2195612021378,19.884827526101546,112.10438872823934
83.89236724185551,-1.7556923171053114,82.1366749247502
109.78846476111052,-10.47759701261136,99.31086774849916
112.27021919818205,9.516910038500557,121.7871292366826
90.51388998027285,-13.584925341292992,76.92896463897986
89.45097483584115,-2.3445781833638915,87.10639665247726
127.21021238151235,3.2775396505684222,130.48775203208078
113.30763866641186,7.98744497318631,121.29508363959818
87.44354533863951,-1.812090220930114,85.6314551177094
87.74486931198842,-7.22595599925424,80.51891331273418
115.6966129962972,-2.790761912129995,112.90585108416721
90.75109032185391,12.494492501397316,103.24558282325123
111.73255783099565,4.059283694086586,115.79184152508223
93.16039653701398,4.865864120873996,98.02626065788797
79.33436744228902,20.656441394821535,99.99080883711056
114.45840485087119,-4.78399033123134,109.67441451963985
96.511245394883,-1.7606543960228964,94.7505909988601
127.85558413624562,-6.321416656543515,121.5341674797021
88.60772349523236,12.94900096902212,101.55672446425449
114.04327110323453,19.492749514656655,133.53602061789118
107.68635446912452,2.021718405958576,109.7080728750831
110.13100168330072,-2.0742843675057463,108.05671731579498
109.60711901905313,-9.877563476353934,99.72955554269919
98.66463275297457,4.705041554586588,103.36967430756116
115.90592137711312,7.0718271600413765,122.9777485371545
98.66127082236324,-11.515190437630663,87.14608038473257
73.10204312864761,10.840384502693166,83.94242763134078
86.34692853590859,-2.909786297288,83.4371422386206
99.91532886399234,5.182667838360185,105.09799670235253
111.94883940417017,7.423275774498439,119.37211517866861
91.62852196321963,-4.6562509408503034,86.97227102236933
123.33767249138342,-3.9920772208721984,119.34559527051121
91.87084622982704,2.769461631889497,94.64030786171654
97.23786149345865,1.814122795357277,99.05198428881593
98.42408375818044,-7.771979973712399,90.65210378446804
73.66593592596884,0.715493310550517,74.38142923651935
107.44962924632554,11.241231294858194,118.69086054118374
108.35694968815254,-11.605846852184929,96.75110283596761
90.39499882676037,13.726351749687582,104.12135057644795
91.60115727322429,-4.971969645695373,86.62918762752892
102.78103059384387,6.6503218303379406,109.43135242418181
112.86911655078424,-5.839166915505144,107.0299496352791
90.84642112770122,8.092871389873457,98.93929251757467
101.81142939810985,-10.946366281315889,90.86506311679396
89.80939778768867,-1.4083372277797297,88.40106055990894
104.05871004970149,-13.10129725416318,90.9574127955383
110.52086220992189,8.414036387011624,118.93489859693351
101.91898968734029,-3.6627102248083534,98.25627946253194
98.2936791702548,0.12605906040568382,98.41973823066049
103.17514813277093,-8.459935034730542,94.71521309804038
98.3321713705308,0.32645112210145105,98.65862249263225
87.64643458408514,-7.860792398447526,79.78564218563761
63.88753489843629,2.992353766176464,66.87988866461276
87.07747036366122,-8.134095254830072,78.94337510883115
100.57583760513984,1.4715710342317636,102.0474086393716
123.49581919499342,-4.3779558861996,119.11786330879382
101.6801149513362,11.101461243377289,112.78157619471348
100.08131954248911,-4.6321727251172655,95.44914681737184
111.47071351308246,15.314547433011205,126.78526094609366
67.32648709244489,-26.206950241252116,41.11953685119278
110.27462378645443,-4.470170185724884,105.80445360072954
133.34388499260217,-19.635797623137137,113.70808736946503
104.36215690084498,7.76836308265676,112.13051998350174
91.32859135709457,-0.6719665318788953,90.65662482521567
81.56458392150469,-6.609463665778731,74.95512025572596
82.9683905796843,5.465625189194733,88.43401576887904
96.53349520839195,8.8777728456874,105.41126805407936
84.17811877740519,-12.229700804303073,71.94841797310211
81.93063045451532,0.17894639902323112,82.10957685353856
127.32883778239433,4.180273815110972,131.5091115975053
102.85653860681167,9.344539438359702,112.20107804517137
121.55084221387858,-3.3510247599639533,118.19981745391463
124.83922483808244,-3.7653060527024875,121.07391878537996
105.80142743460962,-8.768757213201683,97.03267022140794
96.58314404465158,-0.7264862245089846,95.85665782014259
90.82982355336982,-1.4493710731337484,89.38045248023607
89.33452489671315,-5.199262034810789,84.13526286190236
111.71477070807423,2.6522640427736066,114.36703475084784
120.56750958641447,-1.9580505507115635,118.60945903570291
100.29961687349247,18.714440099643568,119.01405697313604
95.47387161173778,-5.29290397408043,90.18096763765735
138.36228118930825,-6.825038005088329,131.53724318421993
106.49911123976428,0.9835410561038647,107.48265229586814
115.27683933687052,6.922510317097691,122.19934965396821
74.66283136783682,-7.3686716668105126,67.2941597010263
72.11088496220474,-2.882263647945685,69.22862131425904
117.66811617531351,-6.147540075542454,111.52057609977106
87.8558303443497,-2.638771468193985,85.21705887615572
80.03823213771393,10.063542299408342,90.10177443712227
116.49524744994574,-5.783729776539267,110.71151767340648
108.91991597397922,-2.3673415209364816,106.55257445304274
111.54166058321576,2.1093171833561204,113.65097776657188
104.85159944315296,-9.666884376266728,95.18471506688624
100.3419575110036,-3.3690299190562687,96.97292759194733
124.86521523461738,1.1598709048470675,126.02508613946445
110.30527845985863,5.649336656113977,115.9546151159726
113.70650502787494,2.63587680494921,116.34238183282415
105.33360069712337,2.5236135397591477,107.85721423688253
91.50209777976397,-9.699703341407828,81.80239443835615
90.87396837285627,2.8865064302705288,93.7604748031268
87.38028717036069,-1.0146817001281139,86.36560547023258
85.07207558185682,14.914966783408424,99.98704236526524
80.39460869991825,4.9085899324653015,85.30319863238356
101.58905357711589,3.1760860766305803,104.76513965374647
112.75551951091043,-15.070483853098787,97.68503565781164
122.80845274654837,-5.893836860195564,116.9146158863528
121.15945456346631,2.211605777454385,123.37106034092069
88.14602240708055,0.7946530631282251,88.94067547020877
94.79983683543264,8.334861742763069,103.13469857819571
104.17695425231587,-2.096381528701831,102.08057272361404
93.74060443328995,-5.138947963050522,88.60165647023942
83.62065787385346,-16.196021424856873,67.42463644899658
