Tx,Ty,Ox,Oy
0.018746170941826425,0.8512586460141744,-0.2891188083113163,1.3117737083354708
-0.18425254206906366,0.11832253679031211,0.5738330365349222,0.3533478484137145
-1.3713305499225115,-0.6303464647800787,-1.9451939614574707,0.012910859442771483
-0.5991677157837181,0.30666353554231224,-1.5379121790443153,1.219861656885237
0.29454512656750803,-0.001659495520009352,0.26684580289051946,0.9866265075916111
0.38979430070016746,0.4645519320468343,-0.6764543512506425,0.5772932693218426
-1.2080761754294864,-0.9971593587110961,-2.5584464839089476,-2.487209290391252
-0.3636760174708623,0.6308620845750038,-0.28822033979896305,0.18762647600525278
-1.6266726817030899,-1.9432427115170077,-2.5289457288269612,-0.5808985813273428
-0.25647839412399165,0.6880384848328096,3.410292600396231,1.7332742262990044
1.101779503087131,0.5628763465571306,2.222964182067856,0.7968078129397143
0.7557815080273372,1.0523390867897646,1.3829245092434097,-1.500078892894682
-0.23823355601871848,1.073117197607669,0.492512423374272,-0.6956015365833672
0.9874447034133902,0.4777759125642295,2.880382315606334,-0.18179470008901372
0.7413901283838236,0.059564744325845354,1.3575537341259247,0.4302979387394097
0.0893472664958216,-0.7171666169943756,-1.4497147816285558,-1.3099699509031577
-0.9549438561523774,0.3268818552006242,-1.8026127532027694,1.3266074136664856
-0.19515038466723886,-0.2894135056175261,-1.329319846338935,-0.4955940213499227
0.9255212620940801,-0.38080810244796304,0.12881549461622688,-3.524105451550972
0.4829785248366109,-0.05865276582302309,1.134386236522696,-0.8770821729229565
-0.5963106367202067,-1.0360291905487153,-0.3919115278490619,0.679540654220816
-2.1852868381695303,-0.7814546281850259,-3.6296955444661934,-1.2125496688654862
-0.6748659378751162,0.017107088987597607,-1.6445213066379578,0.2398437683610114
-2.119061191910174,-1.401739428256519,-1.195673123592797,0.29182819636820034
-1.2651980215309035,-1.0632429700232429,-2.1298990319656417,-2.7354533858142114
-0.3736615551547023,-0.6792177056667098,-1.147385137008879,-0.7872452213610392
-0.6875554303879178,-0.9934672902689295,-1.2762255505816427,-1.550812605968356
-0.8721588267176896,0.5141392801995098,-0.6975135978196275,-1.1811307887300102
-0.10176100622481639,-0.7263125990670419,0.20017149632614906,0.7320719600909767
-0.2537805301024623,-1.3520317599931142,-0.6631900210008271,-1.744276353372208
-1.8537404544791403,0.2860074090946836,-0.3265362373559595,0.4704176339019779
-0.07794606607536554,0.4744849487086569,1.8352263288982886,-0.22891260588038653
0.9685663405245405,1.4206352005022012,1.6597985677675107,2.7396358061664476
0.18492595999031455,-0.7726005690601944,0.6255975301202256,-0.21381527668474243
-1.3799435783375846,-2.128276343223673,-0.1760820295054537,-2.729969635783771
-1.435514362360369,-1.7794592812345402,-2.956040785199784,-2.351924834473889
0.36208722860660575,0.16277950613657632,0.7034034464929659,0.6798627014026147
-1.7590867537597075,0.14097276256705316,-2.10726945281781,1.1327372410044827
-0.3245440095723349,0.12826732566879884,-0.5329754462521155,0.1487856887868261
-0.6515629885446566,0.1942008566951277,-0.3331862275434693,0.7734954235068885
1.0865513994405065,1.87470514842976,0.9499655587720246,1.0002657396976744
-0.7625448800312944,0.13643045973683254,0.10817017848009736,-1.235272361698014
-0.8286625350010918,-0.38208565717247417,-0.03271925527450703,-0.06678325813541508
0.8344739030884535,-0.27289098307045756,0.4444713662806581,2.1009523291652172
-0.96765198675991,0.2915353282478933,-1.5845443442560971,0.2547781907176393
-0.028815335475864564,-0.07987634490837704,0.8234971165603285,0.17265925402134663
0.2325251525753908,-0.3554471702510832,0.9992786112492469,0.9103351665902045
-0.30120868150417784,-0.3602360028382379,-0.4480361585731142,0.021629027688913616
-0.6776145831493335,0.10355318365923094,-2.482929862890319,-1.714416705729844
0.6552276362352184,0.13363084309701467,0.6635239124606244,-0.47273550554903676
-0.40063754703174176,0.6972507822871835,0.12876163701776228,1.117407285097571
-0.33455656507335235,-0.19447992780453469,-1.3586659341744236,0.8564091646059656
1.3679539531919647,-0.6159072651448129,2.830609034165426,0.49976386416970986
2.1377671036501225,0.7062240970445374,1.5403759287961845,0.06174394899090374
0.5058192645290251,-0.4962656804252473,-0.22394836894600822,2.0970916596484526
0.786342384239158,0.10526316994728357,0.8145848838856682,0.14460623417349344
-0.9022119441786378,-1.0440434231931344,0.45362200407462594,-2.230528688917168
0.532896992328326,0.5420645240920108,1.043712944082614,1.111274472230091
-0.6458942535492069,0.9209361560592719,-0.08286360154387007,-0.703621816947315
0.2909874884297656,-1.0773671186184917,0.15388743649949108,-0.4240127359244882
-1.23759446887722,-1.1280972320735612,-3.3936941838311876,-1.2766559601638217
-0.4561762751178092,1.3338487279383084,-1.379763589374279,2.5872831796569074
-0.8303226547247333,-0.33789239746628613,-2.3856392152360986,-0.26247173903789073
0.34011564367426256,0.02706445519263781,0.7451570681113577,0.10536623191252088
1.0663763956821681,-0.2039572284108364,0.35596826176168617,-0.7044836398372182
1.2161258380798001,0.5556451696696239,1.386533217350588,0.19675964886648845
0.7356906576330521,1.6660005679352106,1.2599713484365855,0.6530259883862128
-0.48120861731558046,-0.09932671279432354,-0.8109138627753731,-1.5169040496956037
0.5627447628581165,1.276960323339167,1.3467219660792953,0.35475023940988915
-1.2463197118892,-1.140934985952619,-1.519741488669832,-1.2548728498565975
0.38092221262567716,-0.6018964417495373,-0.4846378422505063,-1.580838482263405
-1.4304272527966944,-0.04283951398349828,-0.9843621629916821,-1.5394290827149135
-1.048445504878599,-1.9142022139206645,-0.43897935878503913,-2.3448301609202566
-0.2185035505345907,-0.3713733641242569,-0.9000705384441986,2.263113466171717
-1.489936236735535,-0.6778285790510831,-1.1919849104508144,-0.7923218460227252
1.172706281214309,1.7874137304464643,1.4123420757950946,1.4365528227163495
-1.4798270215716605,-2.1285570514690066,-1.8108668031842683,-1.9878097405527135
-0.43038781607722393,0.6427002479452655,-0.4409034548844282,2.384186037121753
-1.0516386420434463,-0.5404378812526787,-0.7033289539179164,0.2548724707500587
1.5225863440540968,0.20392657125568237,1.9141269664528362,0.6817578182263524
0.5928280545860797,-0.14899019501570293,1.3122582502720574,-0.10021879630439662
-0.22266150901926776,0.17128905585596316,1.211804097657274,-1.2232323010108481
0.7128942762484575,2.118466327572577,-0.5425753745338656,4.149872490074042
0.7166008337410541,0.7884057208642576,2.7809526886803795,0.4440630294756113
0.4402418643841378,-2.0932281171030116,0.2718396391729959,-2.2756211511311992
0.15883062131810402,0.03350148937997059,0.035719145652033615,-0.6636466032185317
0.6597641383319461,-1.4090056106064108,0.0069927300588850105,-1.8562919941788272
2.2205196629355592,-0.2969084036143521,2.480179111833554,-0.4057829017373663
-1.1839450740654005,-1.9774642560638964,-2.6047046052367016,-4.574541948671107
-0.07395583449749042,-0.47835874699309167,-1.1275383184197942,2.266128113359893
-0.41635467488651917,0.10468007825771286,1.2383756869516966,0.8507451847662535
-0.19148234375262702,-0.4027337285805158,-0.046273941576760264,-0.09608254314131903
0.06954478140740226,-0.1673197640595354,-1.0479336695795296,-1.1027150574035998
1.155348318010519,0.9234185124583453,-0.8877519567749725,-0.41112015470440644
0.5949573469504861,-0.625291470080678,-0.5736215135881886,-1.410714389397464
-1.4196451083569883,-2.9693846836519633,-2.290868137279247,0.7275934931275279
-1.6066772453580405,-2.173680205374038,-0.40370329052456233,-2.8072111194982714
0.892925899563175,1.0467288530641783,-0.018552260825436373,0.04041264547952994
0.1481679551877253,0.7422942915273995,-0.8280459714229306,0.5969630437476559
1.2270283901013856,0.21152374791957318,1.8280158046906918,0.016800115368150792
-0.7618043391780295,-1.7888721526095814,-2.4101293587655492,-2.288361484580862
0.41937540588990774,0.05095788834219511,-2.05117489795233,0.5325118833958568
-1.0399433646323504,-0.38952032962094585,0.23110786338470768,-1.0718850366920623
0.7115739659926307,-0.37184624365719243,0.8518567458986503,0.45045231822414133
-0.6332130149678261,0.6753398374995014,-0.8536079155030254,0.504782737136489
0.5631746644501484,0.4240452979617641,0.6510036229275037,0.3807872275694959
0.6609866858316008,1.7804215139788924,1.3830671693355998,1.970965888196364
-1.658050857325449,-0.40597700617742893,-0.22740636370241774,-0.3373995880304934
1.028167977017922,2.6134350486305347,0.9901001737787436,3.1264281213719887
1.1279536140145852,1.087010905578799,2.577117253891113,0.7676355746760652
-1.2801546034221822,-2.254259792710798,-1.0043042791390744,-1.3201459691985629
1.1288682274095736,1.2592261899524702,1.9272626798392714,1.2319105235221357
-0.46413452716497816,-4.8305365217093943e-4,-0.15687431330413237,1.0903784959896665
-0.3157602095313659,0.4845162454774671,0.7128252655629379,-1.2900767594651237
0.9242931468349489,0.5285331740819175,0.8531039369334537,0.697662035401639
0.07714472398577843,-0.8469347036751501,-1.1247059762688725,-0.8444544941074437
1.0399236051118808,-0.17785492919229828,1.0141758575671047,-0.7824868969829988
0.7418862067381795,-0.41880696995033295,3.8280889492668977,-0.8890110800956126
1.255544858289515,0.6836649787616296,-0.657626904967316,3.61619374416164
0.950918966456178,-0.4895011099358306,2.5265073896172976,-0.6047876647395409
-0.4813656072732939,-0.5135861870909255,1.0931201227716845,-1.4836599742399046
0.20288177796983736,-0.7239501941621153,-0.48193708411725905,-1.7039854734463407
-0.03173974383772623,1.5003508307167677,-0.5583704125911834,1.5539209207675966
-1.1955803003345744,0.49947747434849465,-2.804680687147102,-0.9353992326848475
0.6236812368484331,0.5952826125610758,1.8480526414030711,1.0106937829576121
-0.9148044836669096,-1.5111618989487652,-0.4982019600759049,-0.5922993251450733
0.24875800770809678,-0.49553889432674714,0.43493192235401756,-0.2871358028050303
-1.062622793180379,-1.0621566420316542,-3.5143171185952697,-1.1050103792373929
-0.3639822471957559,0.372626140204099,-1.0594672025771878,-0.8421446850983113
-1.2069948533782742,1.4057272935495366,-2.4229989652267454,0.9253626677163411
1.4292127813897695,0.37822065523576576,3.109041811151082,-0.7206409678443969
0.6334358909828315,0.012964223834051603,0.37198441196663284,0.6275868270130556
-1.996815617656424,-2.4350028634801753,-3.2518585122762276,-1.813689865363711
-0.6818321730962069,0.3645285587489044,-1.4806654943520186,-1.559996437189805
-0.46005547931070256,-2.194061637789444,0.20755729183444804,-2.5771139309426214
-0.983069194147765,0.5002227993815423,-0.17507777652756362,0.8776732727622445
0.49533171288833733,0.47286771409366757,-0.7138489991794964,-1.5579443892576301
0.7258175002325336,-0.08673880898775926,-0.17931622728933172,-0.47290071878930545
0.6672987318929189,0.6282862560947865,-0.9159536262224841,-0.9378864896173235
0.9547864364665868,0.7295084705991426,0.7202733734378126,3.2351637468393815
-1.6753321792919444,-1.780774731139052,-1.553313420784359,-1.011972735989243
-1.2051853924919083,-1.6464491165391362,-0.384741978663401,-3.356822624828679
-1.9632524892205303,-1.2092765713298967,-1.3167011770293104,-0.1911504412423377
1.4707523098139725,0.6098621976766524,0.7450439428175628,1.3128777124732105
0.3724723385506009,1.077673813641782,0.05687175439568187,1.455046732872518
1.0658793340376838,0.528833319760631,0.6906782655246204,2.953651443295453
0.530649868357319,1.0050360807854433,0.6297479589640498,1.8040924904799969
0.10198344588413058,0.9577301951635355,0.11244273300474052,0.3306361034092091
1.337782465786478,0.10099724553606515,2.5538358885012054,-0.3267560276794841
0.08723476849113375,-0.5250693655909561,0.5502886492632078,1.7292218890519542
-0.39110420740044904,0.167663663172673,1.028138610111709,0.883097266397587
-0.2498674845955626,-1.2492522007171907,-2.2190518371051287,-1.3765014628362005
1.155104745896153,0.7225028754453281,1.5432921403397784,1.8093550353416283
-0.8647272398309971,-0.049875613389669504,-1.2791020339396446,-1.2450907851387254
-0.8666783423683152,0.027147803058421904,-0.8594963874839714,0.5731004734090723
-2.3210170303478574,-1.847615121480695,-2.8636569001996914,-1.7979373466487976
0.6088301689178542,0.5815826152866429,-0.3011913897208698,0.24977491296598825
1.1500060482009882,0.2564540311522292,2.252436134690667,1.3937152596161264
-1.1995976717368622,-0.3976708558177323,-2.6148693374171255,1.9499585053582407
-1.5800007545498764,-1.0972723908348603,-3.854295248051531,-2.3334216164262163
0.6531661936421879,0.9061003262723751,0.8633228846063753,0.4199550343420087
-0.5494084851229708,0.20753487414274074,-1.391176718973259,-0.3896601671439306
0.5210545253125346,-0.008199036988512931,-0.5002320866850675,0.13433394143547525
-0.699403066409499,1.3123788118984587,0.08741441475023914,1.7327083942832195
-0.4389093147922027,-1.379580409579208,-1.2028966595076158,-3.086598227547383
-0.6773192961166931,-0.5429516738137523,1.7425143000149226,0.6104834845038247
0.9591411947753503,0.4399371728847956,1.0895362427172322,1.3020420478370616
-1.4681733294624009,-0.9072907058854731,-1.6718946077610917,-1.2384844323479562
0.1837638926681295,2.0210741516055255,0.7429132393836213,2.518306896613681
-1.4351471826517999,-1.6530978555217262,-2.358480052450876,-2.025284803757457
-1.1373998981234699,-0.7632832763449527,0.4505031604622203,-2.4820474343668226
-0.41464532687799494,-1.780106458328124,-1.0354708938318096,-0.8045780153230846
0.14393428815135598,-0.3527389245711873,-0.5388346713947649,0.07737347763741442
1.0620243306982766,1.20833052937983,1.9062183309085041,1.6268809464696137
-0.5707939027353979,1.1571146461335067,-0.4567645610411022,1.9810751043756825
1.2771813764121498,1.4020348288138456,-0.5138389531676391,2.023166030801204
0.22828932054007992,0.06120264947129471,1.0331144112524633,-0.7482571803688046
-0.3088130645027442,-1.2629327026037167,-0.007068244816920755,-1.919579087827084
0.9598291305955787,0.7570370907547337,0.5769553686621083,2.5168503426639086
0.5488223748120827,0.3485808633232751,-0.2438998449769587,-0.4506619247099236
0.4255130937719796,-1.1884531172760084,1.0330254893183595,-0.59637803453447
0.6435000351281697,0.9785772134966005,-1.1460724094662924,1.335947266624394
-1.3603061435035144,-1.1088056010251433,-0.01838963876298494,-2.1015171747330927
-0.19850610640319402,0.6313313362704674,0.633838623468165,1.6500667301318086
0.6193026768753773,0.15986855952474852,0.3648203248259676,0.11684083679440353
2.0682096050368326,1.1078357649223234,3.1549196127057164,2.76825611889341
-0.30528475419724976,-0.18627686081725287,0.47023212891585275,0.8935698813292876
0.2812456122298581,0.516883439354406,-0.31713984005097573,0.13536865046290092
0.6913173367059,-0.08122592681636376,2.1665089358435528,-0.22743547869225222
0.04636143814332063,-0.16879310398708594,0.912629706716289,-1.9833070713432857
0.11302936162595927,-0.021468419384671228,-0.5584783910582791,1.368234770976835
0.9953318742891313,1.0139010944618425,1.1243619572505228,0.06201267581358183
-0.681151361321648,-0.6152313442314107,-0.6743614986639624,0.9536643929656511
-1.2770572466876886,-0.8231316043845154,-0.7718602265725156,-2.6952491203296094
-1.4686977498310843,0.03835526778945719,-0.8988903245767349,-2.0541967169553166
-0.3134740665358676,-2.132142748880642,0.0702638545737519,-3.1205992183326035
-1.7036594926633142,-2.3905541045458154,-0.8615786566886864,-3.414773900523553
-1.3505146561377062,-0.6034908744692759,-2.1079583789967193,-1.1183412219373017
-1.1020936772091627,-0.262839172843794,1.1047250523064804,-0.2231060296148177
-1.0995430145293483,-0.6992426823317757,-1.9053896416751708,-1.3984280521992654
1.2155137761956536,1.9250491425460245,1.5207716659659654,1.3620588468804002
0.33087648510414147,-1.8668913157696931,0.6840994871696444,-1.7614454120998093
1.3902751192746834,0.8829918691189328,1.0487681238456288,0.012822849759419941
0.8720469850211106,0.7854275915292166,1.386646540279839,1.3178289534530068
-1.08081702266027,-0.5455632219127361,-1.4561182016526786,0.549659475723986
0.49582159144653504,-0.10001091034873971,0.7020112236761986,0.5059350731554231
1.052627556216311,0.9773160547698785,1.6778911654238446,-0.3838507768155146
-1.274649950151283,0.365325542697171,-1.710937918657344,0.3366648002590974
-0.19366672842337943,-1.7749362189215738,-1.9380657049908152,-1.7782331417933486
-1.2950836425533692,-0.2255276048963788,-2.0030559649551627,-0.4509045915472239
0.14188028467864847,0.6076683266670935,-0.8188913938488867,0.4882810587495625
1.2617150519866185,0.9154689051902458,0.2785496360848039,-0.11355577648634818
-0.4315003280696452,0.860770500063529,0.17417157844700548,1.3071887473928445
-1.8227125895018181,-0.8022801864676035,-1.1976273130399535,-1.310607727782343
0.3525439587531098,1.524143531975726,1.1383684753459378,0.280418712787609
-1.3484514414737812,0.09914628628909317,-2.5130652998440146,-0.011359609339110968
0.7076883179074283,-0.5485393370081426,1.068155232369751,-1.6430053015715564
-0.4108909367987793,0.4742550480619201,-1.4715879159853626,0.40039922052583926
-0.44604517992224496,-0.7571951915049011,0.2623370474481089,0.04781669509351094
-1.041156301668746,0.2804372357421755,0.12343688537721387,0.9913910585530258
-0.3292247161540133,-1.1224775181335558,-2.070945230216708,-0.9828462816535064
-0.2828216241323527,-1.0510757851302357,0.2687763281857002,-1.049246127890172
0.4324291254953526,0.7217353900751514,-0.2135175201007845,0.8550129611776817
-0.30760709506341605,-0.039865329736257976,-0.8338614481743072,0.9169479850048402
-0.05663630788931758,-1.6243200938085762,-0.043207676313892975,-1.611910699656327
0.7335154202002709,1.5285854013231965,0.10000235653322109,2.1623191702802664
0.09731161966518441,-0.8809732998399652,-0.6788757666474653,-0.38184077964462054
1.6308917365881648,0.22820747116831364,2.1478288467787987,2.060502517447499
0.5606106990022045,1.35101765657262,-0.2847340009533479,1.1189583577901774
1.3295647644521593,1.8889430355715429,2.1590897192843377,1.9029755249603415
-0.27882349563446107,-1.6410680763417504,-0.366639348302389,-2.3691359021621046
-1.2667315441409153,-1.211892916824617,-1.140257037929464,-2.2814537014958036
-0.2491483940402653,-1.4774643195138242,-0.1724911841038776,-0.8626830669385867
0.01798841456880101,1.0128489159079277,1.1007934137558288,0.44773805647022047
0.37707272711032735,-1.079676312627375,-0.8480532313150855,0.8334795656320466
0.7960085575274382,1.3205357501320867,2.4760585391374867,2.8998303268509154
-0.8406774170985687,-2.7193710058480445,-2.3144713843383355,-1.8286436782343973
-2.2054717508262116,-2.7481257901228,-0.5759749104098073,-4.5029010765213595
-1.1280559910624894,-0.4717622837816807,-1.9738598489050245,-0.18003498131600598
-1.3413099588024486,-0.8004206674276212,-1.2440622055397323,0.3188621351188775
1.6051140428809683,1.5564843881162809,-0.3997385739153161,0.244227721508397
0.7444237284885427,-1.7018276823622394,0.7498061158351146,-0.3747548158973417
0.8620822059533829,1.3985463879330968,-0.9507554978809912,0.6714450412050383
0.39515581547620354,1.2115098470450578,-1.0102745906954842,-0.22432082293353428
0.5091186963303264,1.506287681172327,-0.5748290050482893,3.841453513047946
-0.12255012583063281,-1.0222526220401587,-0.809961867625252,0.03546007863406797
0.09258464717827697,-1.0819388960330738,0.324833443144861,-0.13829779792771046
-0.35787991433362953,-0.6045480975492903,-1.6464514685475262,-1.514924819065729
-0.3596552243470109,0.2561913170445998,-0.9167777644641132,0.47243954248423253
1.0285707208842816,0.25375006225368946,1.6507129173738868,-0.6305348283272566
1.0778925924509815,0.4782778562396041,-0.1096459665692251,2.5342314119056844
0.9317812152325036,1.308719999087136,1.8663372929768267,3.033724255016754
-1.4607938669776015,-1.346096239897883,-2.1234489716700162,-1.5929335621157321
-0.9060755762493429,-0.14637655424816076,0.661716819268741,-0.06020050816181377
-0.6803478313924145,-0.6163701202174827,0.2881024722977912,-1.9171218805160084
1.0631660367890383,1.7436807392952693,0.7425639358038358,2.30599532636976
-0.6924131521261543,0.038089688056528015,-0.03835672409864854,0.07933205592891115
-1.1336282652908958,-0.620300857084615,-2.632835852514103,-0.5737936673319122
-1.0946154337972172,-1.3849352764402982,-2.4287723307864457,-0.5789601722180446
-1.0129036188367304,-1.3735447144091946,-1.1134622926428037,-1.9472068939946325
0.4102773258858895,-0.7765575298792387,-0.14711727255172724,1.6977701509850314
0.4777404419267908,0.292255490174235,1.2300015134578626,0.3180121664583607
-2.329879545066535,-1.542580677169851,-2.4750781407240763,-3.716226814460946
0.016255465176742295,-0.9018258564854236,-2.0801378512229882,-0.36322018529138556
0.9803535231464822,1.1832659093262348,0.9004568101808053,1.8247869013104678
0.8063482648173574,0.9833622978270984,0.2803330214096579,0.8502970699718928
0.11960088889129696,-1.0628259115256422,0.9212280054220562,-0.1996992744820698
-2.436615604317577,-0.7154564079040903,-2.2411437763898805,-1.9762012951505867
0.031022476122387732,0.9391313911535297,0.1581397563858955,1.5923385119980034
-0.3357466979998371,0.1745753518522434,-1.6968660449361628,1.0234450546601588
-0.2637761619237563,0.5454392943996991,0.8237152367397628,1.4298058695070885
-0.35585246088020134,-0.9521090595868058,-1.820565206092283,-1.743488698320359
-0.4811547982901799,-0.08758940335060181,0.35124677185151826,0.15900518307233244
0.22273546781787176,-0.8693513362155236,1.3743669153521185,-1.268735548698573
2.429910318697386,1.3336320858383433,2.9417496650597537,1.6319115483148823
1.4962981187342128,1.311635623367188,0.42818072974848964,-1.3617453407746059
-0.7172082027590885,-0.09187349099076991,-0.5268939765433018,0.2390384082439882
-0.46705390018763,0.6468544714149211,0.7200394117800664,-0.46262139224087995
0.6629234528594058,1.9241093061542918,0.3561472440793576,2.0697174932170737
2.3001768909466014,1.4779593753499336,2.444308139248706,3.900521751612198
0.3275101412165877,0.9581953755374799,-0.17929333889226096,0.8782967980985572
0.06386348161691106,1.1433112921766702,-0.16981588730333613,3.079116155354167
-1.1395609399676672,-1.2345565013515074,-4.651916373428391,-2.085411709330959
1.1804102036203523,0.7044656701726082,0.4605211112699671,1.2552540241510801
0.0413884770331462,0.5903584090663614,1.614208668033498,2.658073758981207
-1.213593563384703,-0.21764035871745668,-2.699233425549425,-0.22841214579967417
0.07319577662781286,-1.3860611927862077,-0.45019772216834053,-1.9509914484765125
-0.2573245943455413,-0.3187456064444942,-0.9746294245007645,0.47553812481407604
0.2668064109421304,0.2859080868445332,0.24011710198730804,-0.7167871735243034
1.387724325716421,1.4551097590138535,2.9105770941535596,2.837212798315309
0.19307963502393738,0.4724820273912161,1.5197152814159534,0.6648479388157571
0.5923166226004275,0.30134982060826465,0.12325330921277061,-0.46692206307489104
-0.8299745269157789,-1.6823824816021073,-1.745961560959922,-1.947972027617569
0.3925732816424897,0.06952083816037385,1.702413250602834,0.2819665473234856
0.38486761068080566,-0.024865530241472283,0.2932448717994232,0.9638025720575265
1.051044665725647,1.6618962364710939,0.8344307746623592,1.9768589699811905
1.155797484583751,0.7517049373543933,0.18719430115491276,0.9540941392918608
-1.034437958942034,-0.624923039685951,-0.3964249347361971,-1.1049434995674574
-0.2544680658042721,0.5023523087504114,-0.028190456070585207,-0.1799751447410446
1.2736842660847696,1.5261826385236767,1.429354345112991,1.746109047207013
1.5025446389813908,-0.6497503363731062,0.6518621590148925,-0.8598410187752534
0.5904094671466389,1.0573233345660522,0.5311206391900275,0.2502466348710629
-0.6306854513834496,-0.7003708453347183,-1.1435793790081974,0.3018092877079611
0.792349537294271,-0.23049984941122353,2.360448928150621,0.22588931877617557
0.12538457012307996,0.5651568804865605,0.6517568320500373,0.32748516582383913
0.32275497124803004,1.0983503487117006,0.5867169744956668,1.9988729378410537
-0.4455832094525935,-1.5766759141356634,0.752086623703595,-1.8912835396502554
0.7668439344613761,1.3269833657553398,0.6119450479231245,0.029080309890937572
-1.4035030218277162,-0.9105237986839674,-1.0614188552641022,-1.8110700377484528
-1.1760467796114114,-0.2551278095187973,-1.9848016698871027,-0.9749071155190124
0.5115964691848017,0.6049465962374885,0.04101481933960294,-0.2432602307516729
1.316765263778295,1.744452458368279,0.650579776025696,3.04343397385729
2.3929129470955655,2.0236159687060558,2.707016023567764,2.957683432828919
-0.0677694084923992,-0.8466801676891564,-2.319320199415691,0.1748472330877735
-0.20378506645272354,0.5876430708310776,-0.7007410439361728,1.2832512757320422
1.9964344521696906,1.5328581879814607,2.412540757391424,1.3105384250757435
1.5432177943410093,1.1643826550871514,1.1899311189007735,1.853916214813312
-1.2283376262618213,-0.6504678568717962,-0.6150811794141224,-1.164380811829802
2.644487992224785,1.618745149354996,4.200325884852668,1.1653446012975446
0.7570137082743676,1.631430095395673,1.2957320645308985,1.0019274716282598
1.0553451921529329,-0.7714444429756081,0.08671816676743982,-1.3341031396670557
0.9579448953058123,0.5006758325627737,2.7247709227632635,0.8170761410814077
0.8338790576426524,1.4905748509355807,1.358907470055327,2.49707200920947
-0.16927557001863622,0.23475071577850332,-0.37073227112570506,0.776990179306893
-0.40443364307843704,-0.11051479192007185,0.1147560548833208,-0.6876021881789184
0.29560157370291323,-0.48491010343974683,0.7122484146274608,-0.2617727116694263
-0.23187450723486464,0.02551475123022484,-1.2174560814957858,-0.20679950394874735
-0.4480782316263914,-1.068010032975813,0.4166324661866624,-1.7242962838412463
0.022310796572393172,0.036193119313774585,0.10245661820149832,1.9609845033236573
0.04446729723612747,0.6041918619065717,-1.1359243972247817,1.0427250240411987
0.48072116529063635,0.45123975557246376,0.4443913221432174,0.9707927327019404
0.6356198551695742,0.1818622331478707,-0.34522897469166547,1.4677676422550767
-2.0007423930765,0.4566775008369035,-3.03464873428642,1.9548331986531333
-0.6906555037629594,-1.2006084950627152,-1.3722174006373995,-1.4497135556498018
-0.13064518930651736,0.11574283347364507,-0.34035395335504726,-0.6855662469663947
-0.344251783023643,-0.2038540317021301,-0.03243864756958753,-1.7919823905776822
-0.05241282396512816,-1.272356476009454,-2.1140825260088887,-2.0910390435535624
0.09612392054912397,1.035827053715717,-2.566152999707486,0.46024418713176196
0.26640705323212704,-0.13961793923365795,-2.5283408343935703,-1.2821476701604282
0.5547934752787436,0.3584832348425245,0.5718517196280973,-0.7638658095278079
1.2354458785485105,0.5565391292920863,1.391118351804455,0.24760659354721115
0.2851333813068935,-0.051300698012862356,-1.163287027241627,-0.6991336718311436
-0.45879292777287795,-1.3469039925168746,-0.9840797958126429,-0.6023171531877526
0.6234780218623689,-0.2935954052128169,1.1564227083983993,-0.44206286253305926
-0.7239950916403817,-0.1693835795006371,-0.6159257479726434,-0.6089556448818334
1.6194187034857155,0.2826008659551257,3.321598128970733,-0.9686032052547034
-0.6166734102169438,-0.016727410630055617,0.9221536164880286,-0.9713217797970335
0.38454105744688266,0.815340947459644,0.10833899592905877,-0.9766912526194647
2.114521312800448,2.371371431274619,2.325263747644525,1.5797392177464928
-1.028567366287876,-0.2321499564749751,-1.0818125214529963,-6.512861365316758e-4
-0.8867879656678578,-0.9867847946854845,-2.840779956072835,-2.482220750818297
1.2711460013310352,0.4495295699249576,0.717577762518001,1.0422456338118047
-1.6050854412798439,-0.4487422938682998,-0.6676122510026732,0.6404709342462888
1.1222733829331772,0.8943289339909626,0.31439447139815424,1.736975601314788
2.1584386417690324,1.088556744148178,0.7398654971104417,1.1046342193485306
0.4282466130226362,1.429611834286615,0.23174049211123293,0.9985557785950525
1.2011786904597013,-0.8579135025568899,0.9650263395029872,0.23605161750023063
1.0316901161518355,1.3551019708972953,0.49453201644347,1.281013145528495
0.6538742527102605,0.2730674717415347,1.8857131471772215,0.7096680256845009
2.0120817731795526,2.1971590487818222,2.3324453110247645,4.2470811393025265
1.0946298418335694,1.0786823339196103,1.2258749959036446,1.1110833155626203
0.7264093540819931,1.628239847311908,-0.47840188698870123,2.321710356447425
-1.39965713658319,-1.1537393833239857,-1.2065550933893734,-2.330320570406987
-1.287795163290796,-0.6223054363920603,-1.8799624315991945,-1.878181217728577
-0.9684154775259565,-0.5900680127275486,-2.303954972128548,0.3726792519596024
-1.7366857577184038,-2.0387521766432086,-1.764302057244169,-0.8767781182677721
0.8316973580735433,1.254193023476493,-0.013818670482451667,-1.184397429790975
-0.7589531085650607,-0.08783960267665614,-3.0081405407655932,-0.3367007425852156
2.15507700106696,-0.029536975727124437,0.9833647121405074,-0.8693698421814613
-0.42325888023501745,-0.8726835445863201,0.7198760414313652,0.2058167363468264
-0.005649936675297388,-0.5551911629661116,1.1982421729582862,-1.0909185796959444
0.4003617286115227,1.5776833277609936,-0.7058548465982664,1.5289914066645243
-0.3656778020436874,-0.29624657687673606,0.652009896306735,1.4359190870428091
-0.42914383522530125,-0.8942898314168517,1.8341850317738584,-1.3007825792455
0.24469712679730318,-0.032976738580103776,0.4633329933653355,-1.0439357769262403
2.2197762487351462,0.3237275976030518,1.7297884062429154,1.3343832702743494
0.3142698079140752,-0.9525599674378993,-0.5585233387685132,-1.341394389895243
-0.5637850745163184,-2.4611807542316178,-1.0619196616724267,-0.662717806084224
-1.4856961583188346,-1.7223451854294662,-1.4228151898283457,-2.395211099628848
0.4152985930938121,0.7130386350783399,0.6995970081942814,0.9407617896479834
-0.5280636826785886,1.4825726783667732,-1.3393450365675101,2.6614220708191914
-0.3504706174509741,-0.4881231499720009,-0.8541629941069518,-2.376403765642457
0.730621937296222,0.7255102250968819,0.5627847941974633,-0.6531770044619243
-0.556624165079817,-0.7838474058979026,-0.15610715270386916,-1.6550132649681144
-1.4497605361659878,-1.6378965715632638,-2.953494881618693,-1.725986383345838
-1.0519964281124818,-0.35716858468521223,-2.4276869402199543,-0.9615578533536775
-0.6828386187850535,-1.2468935930493146,-0.5238523546044613,-1.7808977821912797
-0.6129411785759231,0.07490335784970692,-1.7500101972978293,-0.14416477014852702
1.8907800350545352,0.9100530634264732,2.509178660641575,0.9596089321385091
-0.1454105335941985,-0.2904473042075741,0.6564136265521185,-0.05305314196768404
-0.6394237205886029,0.40934524356631724,1.43145190266333,0.5275529076920253
-0.41117604522168794,-0.774988486239286,-0.28290606621075415,-1.5949016784819556
0.3427918784320672,0.7603083740236547,2.274929669995646,0.4236937088433023
-1.13324675462843,0.5418791905719819,-0.9698436441619176,1.0029268085671696
0.06607030251917781,0.22920745327483766,0.047980658910250704,1.1553662819238066
0.03799976596395802,0.9619013338443695,1.0286792472871003,2.4348807601255427
0.9210647475444483,-1.4362800717319,0.24005934112527472,-2.5852391219312736
2.1349656384584876,2.478919140043924,3.558973001890627,2.7220568052010563
-0.5998269315561932,0.41916053468057807,0.4257869195802714,0.9532676379965304
1.2444464586364627,0.35937548570489414,2.1590694745661305,-1.0387596350470727
-0.07945701712045383,0.1738063235114895,0.5073253356641181,1.9606859094829507
1.1817515498156144,0.5368726521633197,2.7754629603759158,1.4097506011063563
2.1861440626760844,2.678302962604226,3.6849619094236035,3.7460693694228593
0.40617493070536026,1.4744499417453887,-1.3593326973556028,0.29659789335121167
-0.7383591045848621,-0.6319864246226266,-0.6962657286304242,0.011755670712562893
-1.9564867029189115,-2.8350374838544825,-2.90236588739647,-1.1382476408164497
-1.9500457015985517,-1.654581794512212,-2.4374191147458983,-0.963225470421062
-0.9409978156925993,0.19728901130387544,-3.297686674454794,-0.11037964325768473
1.197786768626934,-0.23148223165917337,-1.1355006799955243,-0.2841303571348125
-0.6242393903582882,2.675520634485899,-1.042742015011643,3.903085864524182
-0.13286965510209187,0.4374697176179783,0.5732812045942055,0.14651587557988138
-0.017220922191307126,0.10876251470225684,0.26363159088111027,-0.7519791218616589
-0.4596292821790601,-1.1338421210599896,0.8160396760611927,-0.6222313136415177
1.4729367905268758,1.025877240094679,1.204437915329458,0.5308365931809689
2.16931961261593,1.0738481449475072,2.2347411649915787,1.3426390717806538
-3.001431306314326,-2.3684821331280297,-3.770703877615305,-2.561160159178198
-1.771985583051703,-1.645039124290951,-3.231684794903174,-2.092450596179732
-0.36483922283578224,1.5282894992086926,-0.32307695726188407,0.3531876948583963
0.3745337806890946,-0.11155358408695323,1.6170913080373852,0.1102719548242021
-1.2340779266710984,-0.8503369674854576,-0.7767274265866074,-1.5033373309492488
0.47489342195908635,-0.13317246377725994,-0.6911887805349732,-0.6863345423990292
1.2330574570566466,1.9146042955997022,-0.592553857011491,4.164453974869659
-0.5931286567984875,0.9160028808058859,-2.8811674529903764,-0.6678914295423463
0.7522624393275218,-1.1950871971311257,1.0162153592417449,-1.4896710033065883
0.6120455068867792,1.177116054922562,-0.7099091057871971,1.0499249695626092
-0.22865736527438593,-1.2118795337122645,-1.2980172658166769,-2.0723495944463552
-0.7048393498993829,-1.8318213476281642,0.653141767946413,-1.4445583166553426
1.2295160472063948,1.8283199713713605,-0.37562002131422023,1.8642677389808378
1.518515129867186,0.7774456777227284,0.40682195696222045,-0.6338170457866706
1.3450941803994054,0.24051183540501542,0.644187019711123,1.7239058486730747
-0.12369152893043246,0.15293948154571935,-0.9937595725359086,-0.6981425925596725
0.933902453550019,0.3935066239224556,2.3613510165291256,1.7518202071982047
0.019496845620220055,0.04891363032773442,0.1293939723647524,0.4643363620423749
0.8308521097429713,-0.4818673283692908,2.2474655412711613,-0.8463141484641395
-0.30449466799606784,0.21099546844459857,1.0343147968544157,0.9962217520622328
-0.05928127710358895,1.748266856948903,-0.13014761545103387,0.5168766274592338
1.0073966973788187,2.890871316967439,0.8867678454248143,2.6729236014054956
-1.3777950860229224,-0.027926332621611927,-1.7392806231579343,-0.23666161408248967
-1.0042027269693004,-0.6555104877350092,-2.7855934495816386,-0.9456615141172222
-0.023280304915042377,-1.2530869577265245,0.709261429418446,-0.8620183485892843
1.5467472737883168,1.1861813185594432,0.9998105264582232,0.04074608339982255
-0.7593632510213228,-0.253910068889545,-0.5558282628689569,-0.9754440466561938
1.0067926574554045,1.1570934490449276,1.1879274144484309,1.6396264706374517
0.2742149163482873,1.111235467576618,0.5740262802060441,1.675570496678856
-0.08038236456008341,-1.2739125204474882,0.4359107816631308,-0.2294388778585701
-0.9035524953268166,0.5167174222777154,0.21508554759758702,-0.48562636497793343
0.47314510297196194,0.9392636894438412,-1.3756973395694034,-0.09961885999505038
1.3884889779059515,2.2732953605550774,1.6536123229012296,3.541499885910966
0.034746093764173785,-1.2742394817673932,0.007090819627353539,-1.2200227944577515
-1.2925850280792506,-0.7881709827163719,-0.9561996710196106,-2.49196579176305
1.1639675049078126,1.3324569211429387,-0.40852108799126396,1.3354246036991013
-1.5233845970683924,-1.8156100548108056,-2.023695311382932,-0.2308420216786491
-2.5183350536122333,-1.0581897230745139,-3.91385896138251,-1.5701199363505034
-0.7075292305663712,-0.6402685231136774,-0.4294118486610459,2.51776498049972
-0.2874328827091122,-0.14599204561041987,-2.6532518854416076,0.6161147535891939
-0.43530831147691146,0.18068212723953347,-0.7901345875986436,-2.1946330577293955
-0.3430787707432971,-1.1186404238450522,-1.1336528703806985,-0.2576789055958776
-0.039310884009904644,0.9264046063372932,0.08038302052640486,2.667126441008647
0.8869659877237913,0.7685203710334608,-0.5771573875133164,1.4849503605342171
-0.3599484008158914,-0.849194761667004,0.2558848348940411,-0.013542340793705199
-0.7289542706313924,-1.5084109104471672,-1.0316075039874069,-1.1252051252127893
1.7517456192718885,2.5382544614690454,3.342566107621392,3.142585976732393
-0.08603859023210948,0.9828919712860343,2.5204914755009034,0.769604756229429
1.106363015876137,0.6169882862366735,1.8850781847343097,0.6737196589009787
-0.019177837239567216,0.7909315384752713,-0.7778354918716014,-0.4789921048033925
-1.4934601784590267,0.16140933267141544,-0.36100391501356843,-0.6191147234317205
2.7006366230693253,3.0410466464512194,2.9662582238097386,3.145441022972223
-0.7436944222434405,0.3124786170539544,-0.43311957926156014,-0.17779151836458462
1.0651949809368393,0.05220652747327603,1.6561021197480346,0.5832865414094142
-0.03208173166495541,0.07691833740323124,1.5122129545095198,-0.4645552443589423
-0.5399596893391941,-0.33747277717888985,-0.06702206965491225,0.08291657934947122
-1.925643567553883,-0.0221660670627557,-2.020294971270669,-1.108905666043333
1.0078313761590898,0.16434951964724764,2.121956189381483,-0.8976437777787981
-0.2792347967667596,-1.81976905796462,-0.9379826774745659,-1.2513863082526309
-1.2495658552846045,-2.667462499225967,0.19284200600148038,-1.7663436002653339
1.2484911278650632,0.10209038077852006,1.8428331729742204,-0.14868877871166797
-0.19221337656586715,0.6936605676082558,-0.4940979453362282,0.46834677080879916
0.9119762310874358,-0.570600943736864,1.098187222638005,1.0031758828537214
-2.158269680026257,0.10635202874799776,-1.8928828199130825,1.166751725413115
1.2896105323328566,0.9099673025639297,2.46664426394503,1.7867894919487397
-0.42810996555382635,-0.8697002560189625,-1.2242496002643697,1.7025652954942232
-0.25500289297294637,0.7542405842125783,-0.6599966456918287,2.8886668146240995
1.3271582388037293,1.1959049339499694,2.5958233596677958,0.8873178781620208
0.8386901206100148,0.27887941209752254,1.3174039779582194,0.7363912813160021
-1.4650006771731923,-0.8159807913006514,-1.5384939351143556,-0.683513796472917
-0.6162526978727035,1.103177958066555,-2.2472492927837697,3.1602337764072765
0.10610583940642367,0.06195550645038367,-0.20419435455811769,-1.3722447973366831
-1.8440167577271545,-0.4354697512715914,-2.977077920359866,-1.1120221603145923
-1.616422853715694,0.5092007146239598,-2.4291861093219684,-0.21936779720421762
0.22767670413629848,-0.43281278806223245,0.44878160760123,-2.2333500593943514
0.9212167019388297,1.1762879616093782,2.8010522653472245,2.022149857665715
-0.3312034394990027,-0.8872589694348052,-1.8722902043516398,0.510261774849107
1.2872340309889239,-0.8585620330042311,0.04438056613174801,0.3532016657485674
0.05726080245100874,-1.32740060039381,0.1864614201118334,-1.2268627606174771
-2.2039331251669227,-0.13170121078884112,-0.9449308440177131,1.2646587855227716
-0.5229103482655642,-0.43870355054834875,-0.8621614522354147,-0.64406448843886
1.0807853101205003,0.9642492026201793,2.1809024008747375,1.0949267026946123
-0.24314133761565232,1.4700668897109341,-0.12281455915243768,2.3601510888123514
-0.9094465622531032,-1.0689848639699027,-1.6972712288653797,-0.9509286096489398
-0.8682995073759855,-0.14979254484842752,-1.1268462560916217,-1.0911162384988955
0.8694750449076971,0.7529845351503153,0.22380223372460417,1.007681348241893
-0.6800095978137991,-0.37066840226849757,-0.9978733026035118,-1.5180028960468177
0.17321453870851436,-0.14017670274938054,0.8786347239217132,-1.5366251359206182
-0.15943803907548681,-0.7263791203764665,-0.21391430926319163,-0.5922730264701535
0.7934994326432786,0.5162474935478234,1.379454162851508,0.37973978376021644
1.6943504914276064,0.6982075990634273,1.49068879903035,-0.10006849547689167
1.2399686863500312,0.39451090249833903,1.4766810789468605,1.4231594431788168
0.029436743147770953,-0.08916718452241466,-0.8652925426855228,-0.6570627897282727
1.657214499047917,0.9424655638560878,1.979323677010992,2.0944150474013874
1.1312231401868675,1.1586393565459414,0.6673143508252217,3.4486234296707003
-1.4024106321258405,-1.481041284756999,-2.6276867542927667,-0.6792437074761839
0.15677046111292717,-1.3271664021381933,0.1499118046489554,-0.9361741158320825
0.8675085964313775,-0.7186831074787321,0.6682093000689568,-0.10408887560095159
-0.03323515710174332,1.0926621809803363,-0.5960266077040287,2.306174974924137
0.954064556326014,1.5077321589980937,-0.23837076613135055,1.53156561173378
1.1300967251701381,-0.36676175654514687,2.4916711401718903,0.27855163615585044
0.3936973120829853,1.481707026095067,0.36897431205925046,0.5367890057671676
0.3768083279670988,1.0061985563801954,-0.3836117690251117,2.5106452077891066
-0.25174290704864444,-1.0917460419485776,-0.12970278402862614,-0.716298189653743
0.5040948908267842,0.268635777939604,0.08479950756208243,-0.07792237742275038
-1.3298034713482993,-0.8677724641575357,-1.7252754889589226,0.5192538346908828
-0.11829945251476978,1.9499498947292198,0.7066190188139063,1.3517673402361077
-0.6332484666088484,-0.6538315963317285,0.4159376110776335,0.1151106239585189
0.677691344716945,-0.31884975246137964,2.4164846308345864,-0.6516902258174695
-0.29788176477429995,-1.0217239421625657,1.170662108852691,-1.8774896874206917
0.6279222471272985,-0.9103082978362672,1.3809873751643462,-1.2128998096229329
1.6784307279915245,1.1891896286615475,0.948904208206085,1.642504160906768
-2.4000025406292913,-1.7817860303637862,-2.4253912882524054,0.12465689395745572
-1.3498428850714024,-0.5411601582462764,-0.2940630634183268,-1.6031618488326311
1.2020078957867495,1.921754798761817,0.7969902880562634,1.3335380172249987
1.293842719373663,0.44241602810764047,-0.46723552575264615,-1.578951013382731
-0.05959434618244998,0.445640387001343,-0.12525991461142938,0.5784263554914353
-0.6850623451723242,-0.8016583943543403,-1.8236624698164325,-5.5137566881136024e-06
-1.453439304391559,-0.2604010349518019,0.4287958622229606,-0.9876723661230673
1.2941265612052726,0.028225237016455518,1.3561232541782184,-0.3541121196863347
1.1761690893520012,1.1303132577590547,0.6663524984199425,1.5754260017473087
0.8640450781759892,0.5565033040493358,1.726746367311026,0.5144628402023643
-2.2967325234606757,-1.3773057413879397,-2.2009849193874405,-1.80757142361447
-1.3918100119322494,-1.6874629556757017,-2.6596405262568377,-2.2650191547158447
-1.385876745021567,-2.18364941463797,-2.346064775852853,-3.099853097914149
-1.0730468439154555,0.9235238246865498,-2.0427366803433027,0.4797654101247994
-0.9414255031963434,-0.1457605176586121,-2.324348037856998,-0.8291898919931273
-0.5864343097221839,-0.5060644072077014,0.23235311402749748,0.8431414668743429
1.0347212200547844,1.3870236467744337,0.8914625441346369,-0.8698847369690386
0.4589622066947818,0.4121755894658963,2.155887542357905,-0.7609821052721499
-1.1934450719980034,-2.11655653798165,0.6169630264040149,-2.5630148530259054
0.7918892716716048,1.377170755015726,0.45080796723977995,1.393492819415123
-1.7723049107995164,-2.5341803415875157,-1.8660768779432189,-2.132047820522278
-0.5877224219990916,-0.7838657350755356,0.7748095778374732,0.7956563931135083
-1.2823703125541093,-1.2549252964921453,-1.286837931660407,-0.5302861090914253
-0.31213466098007675,0.773411219804619,0.6450709802273202,0.44845022831999787
-0.6987753006247203,-0.6581213361784459,-0.5353262971454251,-0.13761656644276876
-2.6438497677090074,-2.485617460087334,-1.2813245421010908,-2.1345253752085185
0.8250223767991997,-0.06202690849080578,1.4993046773335728,-2.7145809673536836
0.3069263132104136,1.2093235846482424,1.3862344950836343,0.04005417063717598
-0.05803945817092261,1.1890547780377618,0.2280532890182218,1.7603714926340484
0.9265694108344095,-0.6041784596537922,0.12432086985339907,-1.2899190119788975
-0.21869186057380155,0.6777113337293108,-1.1780517290816608,0.0028032461029080524
0.9931334974200423,-0.20115424749516753,1.2148423825155037,1.0249848911151165
-1.923334342480372,-2.07495347599313,-4.1112266644297435,0.29872721871937946
-1.0527151844726694,0.28179203836346567,-0.701818216976375,-0.27995455662663804
0.8903977619259943,0.47454384453419834,0.5164760902972405,1.1344520694713902
3.541140277625768,1.207137662646102,4.670901920993966,0.2475896348006964
0.741510742687875,1.3421143452242128,1.6360445809354367,0.18855050331944345
-0.20747125409922168,-1.2789841822317962,2.3621168130706676,-1.122352917232555
0.17993845419170992,1.1695583070688733,1.5214900772309787,2.982067057880827
1.4263648494094714,1.8186752007076925,0.9959633074155843,1.223098690868248
-0.44316678948261684,-0.39290180271522807,0.7200704675905403,-1.5450649219156125
0.3671899866518162,0.59309145236184,-0.8241165483048087,0.6831419368533187
0.6958216961106599,-0.3694644631098373,-0.8118413009985069,-1.2245964296845386
0.9334447286117835,0.6679954874582673,0.33065359298296004,-0.45655756961070526
1.4918890825598126,0.7770971062885277,0.9353327159179731,0.8208367989430347
1.159522990233304,0.9086253363181724,2.6491457562767566,-0.5628936881917421
0.22679595690912238,-0.23683896119758877,1.0137435806575383,-1.1497416047606555
-1.2954651847401837,-1.7940698754972368,-2.060079116867158,-1.159719304175655
-0.06277869169191477,0.8299235204922846,-1.195104044349741,-0.303590663841919
0.9932829368737062,1.9653805188492552,1.5468288707659736,2.3414149796475727
-1.0059309399547094,0.2740858344700461,-0.4176238753347761,-1.0222559158220423
-0.7509849475980985,-1.4268489185455608,-0.05754476909660955,-2.0291655854603605
1.7440163823516783,1.525320515976794,1.6060824958021391,3.0914765848931083
-1.1876000914573834,-2.3162978525374127,-1.9685826983083157,-2.9849268930931077
-0.4169704177196847,-0.48142432711028144,-0.8772013554648272,-0.6011768673290073
-1.5698201593644137,-1.1586732763724645,0.29428110452656475,-1.4057963177150223
-0.28047403525336206,1.0139608255901766,1.2384503881067401,1.3175578449833212
-0.5853269638854169,-1.0479487822669282,1.941047757747743,-0.23634393083613814
0.6603191975633386,0.5321874662190678,0.9291319592512861,0.2087582000608158
-0.6375125489845666,0.40383306750630127,-1.812629762896106,0.4230327313390539
-0.5390216332112812,-0.17197916951865783,-0.6278545728727637,-0.43077624238791606
0.9515202335543036,1.817835428055122,1.2822732567627717,1.7961351178129528
-0.10557984584727968,0.1435463266719199,-0.8444159373563346,0.5634807322159883
-0.3740692727691854,0.9997617599161664,-0.546010473538822,0.9113366374663232
-0.17623258082391097,0.7888336148632551,-0.4562646046002348,0.3640707178134761
0.2764833079209279,-0.8944159380839904,-0.47770771005916435,-2.066191687713788
0.23633259266120724,0.2507891015471859,-0.9708562830784739,-0.37785640954608724
2.0616741594373638,0.06852146952886184,3.546053878545139,-2.515983334062075
-1.2900599858352693,-1.050989167570738,-3.33080818799876,-0.5044164332846149
0.5711894474740936,1.1884078164445726,2.061146845891456,0.7553062915379266
1.7853902267087822,0.7784162297286039,3.636148646220291,0.5303157023062633
0.2129402430921063,0.8968953852897216,0.02662781411219947,2.011092683714305
0.884692146050677,-0.20234096270205315,0.20285391667309327,-1.292846005767241
-0.9019702644107679,0.7600344788474791,-0.6522734328039694,1.4014828985602001
-0.054749958049491294,0.31735540830459424,0.005265941427261285,1.9102483193625979
-1.3567547110997622,-1.4856016481764565,-1.8159525242125885,-1.5339675650024986
0.31723057712574765,0.8734785615330042,1.0273816018655144,1.830900739894994
1.3957191193098566,1.4021588240139178,0.35599322265852185,0.2686886608543082
-1.2112238167960083,-0.36706177785688354,0.25642406411492935,-0.22906218787580016
-0.20414166079742302,0.3375919799041569,2.682274022615718,0.4980842001359542
-1.552451326079386,0.5177609106742274,-2.9733332298669373,-0.49452103632623423
0.518049668614929,0.5332210207740595,0.32283407845926226,-1.0560333773079795
-0.41884030323838095,-0.48799021693699246,-1.4808867578624618,-0.8816967308458243
-1.7094532156792086,0.04600909047992263,-3.154000434049588,-0.1410904391154426
2.4831626713712196,2.4311355022829426,3.3795493864528723,1.6291193385824387
0.498033735066409,-0.3288687370105646,-0.3437969070902791,-0.04385215739215431
-0.673868205198334,-1.0552431633298671,-0.7171950132933066,-3.9724491645541367
-0.8869813956113419,0.49412336949096547,-1.045569191032725,-0.5344398075951193
-1.7313773508609942,-0.42130848520157393,-2.1280615667072924,0.6139110111714955
0.6045491213642792,0.5588624395267189,1.2832530518290912,-0.20489115313909867
-0.8712750782290347,-1.292347561203147,-0.45642042305965663,-0.32010022518800196
0.7253416463727256,-0.15360136780883932,0.7113151594624051,-0.7362698187407282
-0.03073198012791228,0.8012683315424964,-1.6089292245895872,1.5434110005133084
-0.11722237431414749,0.37173400340437035,-0.04879321319835485,-0.0023077742701280157
0.09822293858443334,-0.4981596931690233,-2.9135470066655644,-0.6647982867000022
-0.6768572218445295,-0.09255578313987362,-0.8847082360408223,-0.7505845836033918
-0.049246354928135665,0.7433539413810628,-0.4946354899881727,0.9980043948207167
-0.5607197599350248,0.504996988166796,-1.8481372534491753,1.229832264284027
2.399154865246956,1.9463744054878336,2.448625433900507,0.4903881880606187
-0.08987210159803827,0.5786632078736258,0.3336681859337023,-0.042099691414943186
-0.8216484177856062,-0.5878610135807061,-0.46397058995325824,-1.8785556758516837
-0.28696176159712394,1.4086272563459918,-0.6478591534258965,1.2406891723068705
0.13127887397076526,-0.033950792684331474,-0.03978670769228315,0.7821368860929544
-1.062083950438087,0.23815122490274798,-3.8307191774637817,-0.7146436098994051
0.7335810357291015,-0.328342083340794,-0.3921214478138746,0.3656315492940951
0.3226921984788507,1.5456784446790086,1.211683215792386,1.620648599027168
-0.34897977134870933,-0.8641312742054188,0.17482073358630795,-3.087893492113641
1.2835256642467199,0.6344441979131641,1.531957277047897,-0.5591788161847084
-1.0144880488817685,-0.7443712087720569,-0.561293608899653,-1.139892975406589
-0.5100642741070651,-1.8319360239906977,-0.10006503075862805,-3.742625798686663
-0.16716974615534475,-0.2159816485738178,-0.1232293228640255,-0.329501198226931
-0.3026677856061563,0.1329632132051885,0.1764804027447906,1.6362603243071974
2.026470472460203,0.6577035217278004,0.6658268230537643,2.1870159818900614
0.9009056384100457,0.7804967779059591,1.2230261438951335,3.3291145095697514
0.13542904045583895,-0.9520452985657808,0.346218996830567,-2.369235925748277
-0.20128895419937637,0.13983895973067545,0.05203186140105509,0.303221724816671
-0.8068367409931424,-0.1388888937821856,-1.1080554934217672,-1.4565634569323667
0.644124123759206,-0.08121768890795461,0.9694343725019896,-1.3568893414535816
-0.3366591206536092,0.6583848525482173,0.30272891246680195,-0.9415687884635234
-1.7317035112449661,0.05977355357319958,0.35587982041226485,-0.5559559951503629
0.26192066260896585,0.5674293391261361,-0.019225969047677427,2.042315980018649
-0.9166975981093176,-0.8508270011974919,-0.19435302892162798,-0.348436925099736
-0.568564475149115,0.8590469894717075,-0.449299334930284,0.41439741870322144
-0.8658204417535724,-0.6271423487144013,-0.3660399730936665,-0.1964078921696944
0.8254939117980508,0.9300597654259101,1.538338077890697,1.347218451813316
-0.8001322842073265,0.08341094093287926,-1.0463167884447229,-2.013488008892158
0.9758300867843782,-1.0560528238987015,-0.006539037533871972,-1.8344542171028726
2.700075530741875,0.36947472362502665,2.2239647381092857,0.212837023807444
-0.13538959688570074,0.698749814613766,-1.3021066895108628,2.192864858505607
-0.10603116395946739,1.9275802989314292,0.06729281550648199,2.065373336617243
-1.3440638051453628,-1.0655506076646757,-0.36648282134640275,-1.4171811738102553
0.4431218286127952,0.44810501787623513,1.0760877332932248,-0.19008020504929668
0.9611177416633967,0.7109087073916704,0.5045075848360523,0.1376764257234545
-0.24143581665568797,0.4498672943094084,0.1477016136750045,-1.033264519872945
0.08295489110828949,-0.6264080226603241,0.021471999820829653,-2.3521680699209746
-0.36172475776824364,-0.09749497516435279,-0.5582902475968854,1.6307752311810078
0.3338601998012287,1.1837363073356775,0.02968533020694064,0.2574584932771443
0.26560942097051965,0.5919296670239318,0.34764751181393294,-1.1267931368336042
3.012905746602751,2.4595442098197107,5.214702240691287,0.7125440286461551
-0.34473013768742855,0.22036636727039555,0.5991771387928004,1.0027259065267327
1.0625574532850615,0.5592922164388369,0.9943858893543526,0.8971180852127556
-0.7296850740404958,-0.18691008940526843,-2.1465392791036986,-1.3177693163094928
0.05654772097640703,-2.0465531919762494,1.2668702175725974,-0.5079286814713377
0.4678297119200535,0.7753553388649919,2.560438820985397,0.6030888133277784
-0.37264525055131537,-0.3114637475292684,-0.1555733477905635,-0.10528409415585746
0.21016168769330965,1.8470720132366718,1.8516202061719451,1.0528038298578393
1.2896083056762344,1.6692681269103335,1.4983394737792886,-0.05700711200378206
-1.6268395498670802,-0.9610080738063534,-1.8056413485999485,-0.7958826662356129
-0.783536509683378,-1.7129076522040825,-0.8999996277552101,-1.2748432780602015
0.5109131034569473,-1.0524468912784823,1.1243443514499234,-0.05659898137330577
1.2176260559328873,1.9674406508315836,1.5476484756699407,1.3075066710166425
0.3051092476883394,0.8141439113786202,-1.9403258706330169,0.5864683273061704
0.2102936333249375,0.7556102943472309,0.7885921695923783,0.3837223510746437
0.4688659655058787,-0.3868507016264603,0.8100120508585255,0.46790655300134976
-1.9043425722624323,-0.16562143366482496,-1.4415575379583028,-0.5929564169115475
1.238402284648583,0.311466487485255,1.0840227230821535,0.1291820211706461
0.39099889145764843,1.2789961047374736,-0.48992283362420586,1.9960755443356981
-0.031198916746859522,0.7566637480742067,-0.2216870628285741,0.5261007978515375
-1.6188005217657842,-0.22426610312130357,-0.619794676836231,-0.17210413786682738
0.4512662781328172,-0.009477074413623443,0.5796593818634425,0.10893000851959125
-0.6908433636230551,0.7848576534931418,-0.6826914471116318,-0.5939620672747984
1.405445621939912,1.221645029429268,0.9317837446767857,-0.0021076859309940854
-1.701342687825044,-2.301009752977902,0.4800260190775578,-3.5238014669967286
0.1922455972771429,-0.6294804408023885,1.2635171130384126,-0.03902650988362433
-0.7029567614972316,-0.5576728779082795,-0.2556026143654151,0.532884892632388
-0.8085558633488,-1.2061349153907546,-0.8185405653976248,-1.0475820969555194
-0.6381987415253929,1.7230761408738704,1.0595040968186433,3.036599201454865
1.737345427961183,1.8896613578836723,1.8566821179428576,0.4665226129344997
-2.2604782631421827,-1.5818980469158068,-0.6927421528092215,-1.9348366783551798
-1.6124720938864558,-0.6952530644763131,-1.8048808409870065,-0.3428207799840295
0.6537401988008098,1.224150282276212,1.195063456219219,-0.7819835165683786
0.9028807285930136,-0.8393314999720815,-0.6056072976327542,-1.9147848340366238
0.7546084878345116,-0.34879852369924036,0.9762238947397497,-2.1985321293986364
-0.22681076877007364,-0.2903408833925376,-0.13975511701525686,-1.8370567013655292
-0.6959686275916298,-1.1699271668406475,-0.14832541839615954,-1.6342832892597396
0.5066473573338034,1.092709118014461,0.01643733286537885,0.6888715019562263
0.616234293607611,0.5814302108150691,0.6248283890563902,0.0029529927524342137
-1.6668792745153553,-1.5280425164859253,-1.3734550936591094,-1.711213143267854
-0.3362542257426532,-1.3561310366272314,1.3189050206932968,-1.5969127265178837
0.5071798567465712,0.933974375074601,0.3816811949614307,0.351576543379592
-1.6973907015084522,-3.08795124350447,-1.9345668695344427,-2.7372613520046185
-0.20692722390273233,0.2609725037639613,-0.6249078815824876,-0.7917952524394872
-0.3985970281761643,-0.22961776351462113,-0.15601014818375705,-0.9809647578671972
-1.188619827480893,-0.8578323320737911,-1.1797112233136513,0.6521368562150558
0.4525654041390856,-1.0559918992593764,1.7052885633196055,-0.6216890314577286
0.20758970392942352,0.8665922974226649,-0.4299976265580977,0.5280041496404596
-1.2101223761184114,-0.9797638978941328,-0.41001150106243733,-1.0251342282173754
0.7674150542806408,2.235290737775801,0.5093211020919194,1.912217030059464
-0.5990276912569644,0.12586704597433623,-1.2726820249967852,0.9115462313565659
-1.5609727728056537,-1.3285911895250297,-3.527731805623593,-1.2311479197099837
-0.9956640429289412,-0.5983943928946374,0.2765938550535709,1.488978541464015
1.093251008384424,-0.7903644621312028,-0.2656842057844806,-0.18761588993273604
0.9171428860073729,0.27424835549684334,3.9664080958802947,-0.44815911351212223
-0.773049355132352,0.5762183900935308,-1.5330359185723914,0.6449217241877299
-0.47583581764579924,0.8390213554022383,-0.13341849360765456,1.2433921699107384
-1.130703184019846,-1.1298422338042446,-4.101297933116182,0.854319855273096
-0.4288354316667877,-0.0036907615502783653,-1.0046312119243934,2.7662137352141727
-0.8395836498636626,-0.13105207614099568,-1.3645405321578283,0.5481322078365668
-0.6009866729039367,-0.6553513269018785,-0.20172416848314406,-0.27547366914221527
-0.773890778190773,-0.857214560041007,-1.8980124576513395,-0.8686516607856555
-0.8924923511739581,0.017076142931714666,-0.35866033755337434,0.7974107667616432
-0.03573184705772107,0.25632162473361986,1.4569148459524714,0.2832437165244347
-0.3041781023935066,-0.08655747161195537,-0.5282189466832758,-0.5181793275874764
-3.012163783558689,-2.880693933403494,-2.8893768067800982,-3.670922153374164
-2.0085230577617312,-1.081726929925935,-1.3161988087511618,-0.6164697597639597
-0.046371409444989374,-0.5191080455623521,-0.5404388248934111,-1.0737037791728878
-0.3595370645004132,-1.0635905510928572,0.021031213670057558,-0.019873387001512643
-0.19502166174764796,0.5279806188038466,-0.7399872641469352,-0.7062673189032546
-1.514470135460875,-1.4069471429212816,-1.7175600562284643,-1.8019369109967616
-0.8920330471206223,-0.6849083540868951,-1.2894372058261026,-0.8290155915777913
-0.8627064914140681,-1.1429972148142171,1.1164763284263794,0.0833680328198676
0.5519541479546208,-2.252425755652198,1.5337285245238523,0.5457962049956677
-0.1882339133174197,-0.3418824360231191,-0.43258613105114385,-2.965380800915921
-0.3251467436295471,-0.9007922736419425,-0.48224279577225837,0.3206550220709734
-0.5369384491396038,-0.9280661311250831,-0.5847575578799269,0.38017972929817834
-0.3714774127493517,-0.4826986423779829,0.5765669140552843,-0.6281180516106094
0.7228070236590367,0.34059497403737354,-0.1517119756079257,-0.5197184632480407
1.2056918833931567,0.4831315324104082,1.8502404865330409,-0.3363754695273091
1.18415312566266,0.387027016673118,-0.6707978965654533,-0.3839106211060891
0.6711904354074426,0.019496122188614906,2.629290542099652,1.910843517203156
1.1755020734184856,0.329241056464555,1.0256697350774195,0.20127859166215456
0.18852647272121223,0.23981403808587343,1.4386808443117782,-0.2777196690419126
0.49906359684503016,0.25350780170118803,0.6449623312216062,-0.8080347885357393
-1.947618311411988,-1.6426158843328373,-1.603389379967071,0.19155078879974408
0.4207372461764636,0.005911603950507105,0.9272698919477886,1.7277939621752578
1.1734762497791054,0.84105527299399,1.3038752628835344,1.1820819110424439
-1.4462315569952457,-1.2632580628104346,-1.7763960738539357,-1.7620043966012553
-0.3667512059483092,-0.13496603545051214,0.3520794748862462,-0.6488800550375481
-0.6077962348778555,-0.6231400398709768,0.25575240826901013,0.7127114882892647
0.3198713773807777,0.10832389210641352,1.5768203065883821,-0.8155602000524032
1.0998476722060089,0.9251078782430051,0.8148062421909468,0.04739343938018037
-0.40603662759086584,-0.19667701122042927,-1.354078519253026,0.5329617837074736
2.4107464268203236,1.9637829676995588,2.7522553317092644,1.2635477012983751
1.158899884808347,1.8381835895412155,1.6013399501801138,2.4112494137268743
0.33838959155622966,-1.5986770721236512,-0.7779720583805492,-0.7603730620032332
0.45617734392089704,1.1199128775401253,0.8384681524320512,2.2102211765752857
-0.3140446664155837,-0.06897525895932384,0.7168129104419744,1.196302553871237
1.4043440201999615,0.0733219263475754,1.4797893474122163,0.6669859985798594
-0.4102699490848746,-1.1582516846333268,1.760856963762094,-1.6524529433858466
-0.08810251615008705,0.3329199214515691,-0.47339000590855207,0.6406224098864305
0.3248755947163141,-0.6990593241943999,1.7479206697556724,-0.14237023625209377
1.1850998001925084,0.3827968056886967,1.3634593542359437,-0.2819196606171528
-0.2555085734408838,-0.5052785627326171,-0.276256679877566,-1.7135685404398813
0.8844479208956251,1.4366361162226156,-0.045591092037772674,1.7755927940238112
-0.48856106962647283,-0.9758107152723225,-0.15625557600335443,-2.8646276327764033
-0.7273761731775588,0.22523055296568062,0.2683657238463656,0.9004539091701277
-1.1882552729166955,-0.2970620183010325,-0.5516709496354978,-0.33382136177636146
-0.5379424159125765,-0.3902496611833082,-2.109877754641671,1.099870297550783
0.11935121731695542,1.1827903183491775,0.7563767392495878,4.366906867861228
1.3181780954559918,0.12804735103973508,0.538287377347029,2.474542593164869
1.4430805576500854,1.8967099197661388,2.6523458393192785,2.257461660884323
0.24902621164524447,-0.1791473827778317,-1.2172742214213499,-0.4659654409002819
0.8157023268506016,2.0718220700063386,-0.434118198526503,2.229208692661316
-0.734607806377859,-1.1818372063368354,-2.267781956632789,-0.3312628733104209
0.2581532780221851,0.7005954960624711,0.7655352431897604,1.7289611389265684
-0.8528607688227108,-0.6789715291419665,-1.0970007186589665,-1.3872391473850663
0.21564875855346646,0.3735613157738299,0.8539386873033985,1.2477009788415163
-0.7092102120023972,-0.4110968819230329,-0.2198437278978339,0.5927995351929451
0.7108655231589369,0.31770801568655094,-1.3728659238556629,-1.4138751656539812
-0.44737185876207186,-0.714318519356523,-0.7973489252710861,-1.1924844031250605
-0.33829830419349766,-0.3939104218210694,-2.2060440961878007,-0.1042909306358526
0.5172334221406975,0.6103651050793335,0.36267949481873224,2.0507151399415076
0.09870359432402379,-0.18557791626109613,-0.17015490347781606,0.5461351251935046
0.74368561583684,0.5542781755719425,1.6656332531477027,0.055774145919289975
-0.2785501414846096,0.08781102971428806,-0.8500322607088586,1.6099510576149323
0.5390716806179463,0.536064166870131,0.9734689081008843,-1.359599185640112
-0.08833946967004826,0.18810157175857056,-0.2621828870139483,-0.08753732380606699
-0.7457575081532606,0.5139453536586118,-1.638544203359368,-1.235281874680463
-1.5600784511013934,-2.4862185971342607,-2.769763630016862,-2.0630633612578504
1.0829565254237852,1.2391856322122474,1.4440770513455259,-1.0198656809129045
-2.341056002563677,-0.7519488349176633,-2.8305266132142193,1.243334566713048
0.2063052660320265,0.06544513605657112,1.298708700928495,0.7998365381371135
0.7647425711810207,-0.5084177058007276,-0.6336651386911467,1.0096558598869025
-2.125068581043938,-1.31343013120504,-0.6356914235068762,-0.9121709039791468
0.5211786663031673,0.598860323778554,0.8449664731010946,-1.383299896199898
-0.04642289995610538,0.6193379458864607,-1.0786001276818602,0.03137398572993766
-1.149471720970933,-0.17150513961106217,-3.0889316139825826,0.7516542292699634
0.6293383077002046,0.8571101015562836,1.8987855934228308,1.196198809928246
-0.7264714759916546,-0.7492648021568771,0.5102429880609929,0.7701525198698049
-0.3864173223097073,0.3021198868657775,-2.2146698379089274,-1.6366744959403827
-0.6717143898843063,0.9480117338789362,-0.36916325360227054,0.6187824841445925
0.9003861903685609,1.8347966715054718,0.32196178760490035,0.03914011658022232
0.8868416906163269,0.1080951032778606,0.6912199017451397,0.015080092653768695
0.39027811189946343,0.009270357292879616,-0.6515785690038556,0.5294579218524837
-0.9275114902222743,-0.3168359190251697,-0.6072502205675446,-2.3164955545891295
0.7458392287805998,0.08981782988629894,-0.8196050299422896,-0.03826402088984995
0.4948241566426438,0.897140050125671,0.6735247742033357,-0.11599891418046404
-0.021931461723066165,0.6857653465528861,-0.29716346799953414,-1.4680243950750034
0.5880223262658149,1.295305965176683,0.45588061198383417,2.2199219684267635
0.7564910740023709,0.3780831853396887,0.6887201331781945,0.24659203655321493
-0.49402627261870136,-2.2708926117136383,-1.659408053058847,-2.0390274382998825
-0.7333156286134698,-0.7403578700065261,-1.1775365137292448,0.46116627304381486
-0.001020393987793804,0.25881965199701057,-0.4387829762780608,0.6325864879723591
0.8058256967765057,0.3606507598117337,2.5436844839718122,-0.10338379727824987
1.1093093818750297,-0.35576378386331775,-0.5257873677787086,-0.9355800162459321
-0.3096794821595312,-0.17623570049267756,-0.3118669668477171,0.6036623799692691
-0.9085782481274711,0.1716409931647923,-0.09308568799263861,0.9261114450245636
0.2630261276866806,1.413179896928059,1.05989118039382,1.060241615492632
-0.020917807576416304,-0.30773631942545543,0.15625911624483058,-1.270199888570652
-0.2123425076477823,-1.547520404169782,0.4966273537850985,-1.2188684850987093
-1.0311039197749718,0.4257121387176047,-0.2638718317579145,0.9183362380614513
0.13951073969624775,1.6648021032002762,-1.1619115202323254,1.3970406474345503
0.16621798461646695,-0.07238577884650264,0.17649171517570134,-0.24076182885434466
-0.9846596490562737,-2.838617335738669,-0.32958590611440575,-3.0521973530542414
0.022634070770617232,-0.5160809241840039,0.7671917082111316,-1.9768592081071283
0.7853300326609572,0.2547241078340028,0.9999362292218101,0.7088591776083837
-1.1791895242507984,0.38306606033831037,0.8802381494822424,-0.6743093638078627
1.9107907775637931,0.0838405086007048,2.197686330742049,1.2288138485357423
-0.5380014949195778,-0.284282529747589,-2.213354678455405,0.5945869773144798
0.8842764290233864,0.6956852679728216,-0.11728403679625599,-0.08065105408514683
0.14730963670884287,-0.05852906200723686,-0.6307660900054938,0.3709902535931382
-1.0084273628568918,1.601046233887645,-1.2269490709974882,1.8296208640022884
0.8381889922075895,0.9754949228857981,0.9207640584101754,0.45377823746903123
-1.168239137404789,-0.5193054059204315,1.4635897240586255,-1.5413233491361078
0.4543181329199974,1.0249538976458263,0.053308244976482067,2.6860432770365454
0.21257286750447277,1.778017663757182,-0.2550888655552894,1.1914660464928652
-0.5530863474295563,-2.0271217253414147,1.2545456885582342,-3.8092274843051674
0.023430025179666945,0.6784122743179489,0.9458369976239167,1.290582764766186
0.6481788903913936,0.9142977108491788,0.5517504085144866,0.17871022506740764
-1.7427947352038553,-1.8875875060405747,-0.9087648920312472,-0.5772758503449211
0.5951626609118651,0.06213248789894782,0.9906199415404162,0.9705708869024492
-0.878529012983193,-0.06109768803740734,-0.4293459805274588,-0.13385384417595592
0.6444375712921057,0.36568667122116966,1.4176249206944167,1.6248878019151254
-0.6290985026666042,-0.8345213798332014,-0.7992441196373777,-0.7223546333894565
-0.09820018968383885,-1.5349814683478802,0.09339098962555585,0.3121596183846085
0.6842176991677605,-1.9515847238304411,1.6623057133933925,-0.9798226498223631
-1.3846860309904079,-0.9707085874218759,-2.8848143532665254,-0.3478974213923103
1.554945585980508,0.5566083540291384,-0.7956487772042464,1.0195489066996533
-0.8143413418845659,-1.4466025918405487,-1.0075954327003271,-2.6312637004083568
-0.8436310858925652,-0.7135272846671178,-1.7051066104026082,-0.035560887444080036
1.0249274258736099,0.26435914700474106,2.227920865938027,2.0992106909123787
0.11570337639615859,-0.4965487264600729,-1.0014123709897726,-0.14235407188003252
0.24149403987279858,0.2794496702843821,0.06916594513306878,1.176104412866369
-1.390816141686847,-2.3345855275144407,-2.7050809893763357,-3.312235245137181
1.5260608445709156,0.8466339505559857,1.4164072839476498,0.8832690528131915
0.046516236721404355,0.8351420001434181,-0.2462847070640657,-1.4051133921947692
1.2399823596539212,0.19623013224270625,1.4211260837622939,-0.8681767326864929
0.3085726354627873,-0.4117086890598253,0.7177062732396924,-0.02007550260191293
0.7856276045020669,1.1025302446326022,-0.03703094220503811,1.8546087526441717
1.117478704736138,0.457433236755459,2.439514116609254,-0.668515702099777
-0.004982272344388506,-1.1264794278280628,0.442486054261947,-0.10357307523994042
-0.178418210190186,0.11414238842338803,0.32979721080939595,0.34513321203753106
0.6962290689470784,1.1595569331345141,-1.0900220981260884,1.0103176618452432
0.5217972084935514,1.1182017606795638,0.2656224437808531,2.9491605279628113
-0.4478265902434612,-0.12216928950280567,0.35324290783675466,1.6461914883574371
0.4054006040446912,1.3369985003328735,1.3139246934608937,1.304742002753775
-0.7369644246694085,-0.7336943335491273,0.497619974224931,0.01981722057371227
0.25574801441046874,-0.020722702670481208,-0.22559963675495887,-0.4534478876664242
-0.2849335049335667,-0.6882185014581136,1.5678812418416108,-1.6682949395349078
-0.031121324993344354,-0.60493076190245,-0.22472241833687392,-1.2907073261503803
-0.4858588869601202,-1.3678045273568689,0.984705001887364,-1.63338370996612
-0.1350880841558478,-0.48370197246795266,-0.8187322212936874,-1.8777606674381806
-1.480718722837506,0.3921076788749397,-1.4930437389181423,1.3599777182207649
1.256369125685596,0.6362676306024445,1.4298493748096008,1.650888970470053
0.2090416499095708,0.7655165928222156,0.9625834877811947,-0.33659293582749017
0.3131567895901284,-0.17104288462167822,0.09816869286315666,-0.061132712227679076
1.0751482386638325,0.759836475473447,0.6267729452402391,0.5067689979640226
-0.28662517457042325,-1.3885851215039635,-0.5966769811549879,-2.0144835034931767
-0.03197742743150017,1.1467339734063868,1.3255591365307335,1.3051113007007844
-0.7427333966388092,-1.708170919908722,-1.8478222825788515,-2.63299503693535
2.0852201921514024,0.20643739159217445,1.8073129421960865,1.7474238322429891
0.8548904104099967,2.0433488909550697,2.202502412212361,2.0380642081553835
1.0004459961444399,-0.7075291519385022,1.7201032866634374,-0.5751469506829293
-1.184117910085318,-1.1265256700068063,-1.263623548912758,-2.8081298730035402
-1.5411025551237776,-1.885452612714174,-1.3263703542209346,-2.4953727397704495
-0.2117330007608173,0.14292529290921946,-0.16743911712744572,0.3477212333640848
0.17035256996267353,-0.7666949299584505,0.5138791650623312,1.1699502985185817
-0.6907773744329302,-1.7458356145046894,-0.7234016802707395,-0.4747682571269405
1.697720739032034,1.4971102243776615,0.6735017439587989,0.7516216913283119
-0.07268996260586812,-0.2658396419694528,0.14310554199318914,0.4233194702000416
-0.7176088562892893,-0.10405460389767784,-1.3116905399504457,-0.38144510163539425
-0.41651443830785784,-0.20195917257494223,-0.646378258980875,0.8237129021483905
2.1935867610557667,1.3132908256541238,2.805319823586659,1.7787658790817549
0.5423478257815186,0.7543387391795491,1.4306983210684705,1.7886679713544347
1.0236676089818044,-0.6186563776292081,-0.08507206277312651,-0.1764918315961957
0.812826108710472,2.0508139691278764,-0.6672535228273211,0.21568493647968867
1.3010270774109842,1.4078496879823672,1.7235585863717264,2.7468805793380384
0.5679564109483551,0.8402795464133783,0.3273209369324563,-0.35201702137020807
-0.12007144226304793,-1.7195712371180145,-1.0053877003414844,-1.324368424666174
-0.49200270625871306,-0.40890492233549214,-0.07340919582586491,-0.6190543094908694
0.20077197539333635,-0.06531452846679744,2.502232254140921,-0.4420551272772335
0.16479929880000968,-0.7492089295072734,0.8433709223712362,-1.6447215592616466
0.6936576962255666,1.2225830218574552,1.2646520345970824,1.7773502697348298
0.13332425333660541,0.16710660995292836,1.4330024071602254,0.48757900480272803
-0.7394631586307201,0.4032840680124037,-0.9304439900719195,0.5758708026812251
-0.3975188152477819,-0.0234787549560036,1.1231317303496073,-0.4217631910175438
0.25715863936297445,-0.14938957284920162,-0.400950129225655,-0.035790086710435196
-0.2801739191441844,0.32923075789857004,-0.4682728668008387,0.0023390120812131765
1.0079675921101645,0.0806764868807609,1.4502460310586947,-0.4715339199172568
1.155219624023195,1.372439162315794,2.320102895682961,3.253823857557859
-0.202794949133405,0.6085787183573697,1.3185715474272026,1.2505947527510926
-0.3214095470823898,-1.5659586191332306,-0.988635908971027,-3.7821792533358156
-1.6210539170605136,-0.20630683417785223,-2.4488330657750423,-0.24678179863337618
0.568105258993183,0.2060166292553002,0.15236132190382823,1.620358612960214
0.6712802471779519,1.4991306880029018,-1.23064985299564,1.4293206845056612
1.460259521777053,1.0264399269886044,-0.31947723399662364,1.6791419283225908
-1.6377193742862226,0.22721328900943538,-1.2475981569090853,-2.6927621825119243
1.2985010822099663,1.003548285865762,2.0525196585926597,0.37512748190947076
-0.15369982879414276,0.9962513161135673,1.012538120597876,0.93423399714013
1.579148845584579,0.2543189508371928,-0.1908817753381704,-0.419074614086669
2.0552351855260826,0.7311170470646804,3.6149994045484704,0.904269892386143
1.2844866508721318,0.7755856749672946,-0.29178944834265375,-1.0636491858260149
0.41740331727997515,-0.2276387830104547,-0.6853200699958109,0.04869161059732685
1.159853607286437,1.926654588496731,-0.20780447161691407,1.4729563466396327
0.49159025571845,-0.7151524135928145,-0.09457786017586683,-0.23198125126952246
1.1020087177149411,0.6276212005198705,1.2394344867232991,-0.7061803779888312
0.5685704302803201,-0.32855182056541593,-0.5446974969392702,-1.9299422091226914
-0.36391708511681947,0.024194685711275005,0.3478158511080966,0.37671001979246754
0.13695637076154624,-0.6562626354310773,0.902082844803781,0.6065739139974738
0.7242754271053098,0.5228026598336358,0.9619883936498856,-0.5657513692761972
1.5399816059470377,1.0703353975873902,0.9336852834714457,0.16483778546321515
0.986992334714721,2.2919934639802686,0.24791006175971586,1.4915394048283341
-0.946021997968696,-1.418096530797667,-1.0933182785069544,-2.011607394137673
-0.6126806842209663,-0.29731908041799904,-1.4601733086410875,-1.0445734626546532
1.286886590347699,1.9188672694653472,2.2819231217274893,1.250573531132448
-0.5566501599299191,-0.6147634493336027,0.43773737574880733,-1.4435349354966847
-0.02297772216073351,0.5850642824876374,0.08419125455065526,0.8682071533934212
1.3247411226622774,1.0092108081640467,2.09631711892632,1.7640644121781535
0.2638976690155077,2.06813727776196,-2.4462441079518413,2.142727227729062
0.8413390190788351,0.30449741183238727,0.3590022447582372,-0.030197304197739083
-0.26413748901855527,-0.6223152272148513,0.41485139288242934,-0.17239707094511264
0.8867692919071926,2.0876108410384844,0.6624368731136444,1.9933333092997392
0.22548575569027457,-0.5463499885720637,-0.6551589729740999,-1.3636413983421702
0.5448327246610942,0.1386209075991374,0.15488348888225245,-1.4622897449248375
1.1762507267555706,0.12777243914881975,-0.24615533694455904,-1.948166460365449
-0.31357524185267627,-1.3894491077179623,0.303719998338457,-2.012593381524106
0.5053766885113743,0.5114954580658954,1.413787718959525,0.7443022299511499
1.5397012985879341,1.5214472854668164,-0.37499529189434844,0.3635223589553309
1.491002710696538,0.948311181557501,1.2349842334317525,0.25827393619502603
0.2436894846676803,-0.6917082821000028,-1.3240686348764301,-0.9287837898369382
-0.41531432635225207,-0.06550669922708069,-0.5926452242243572,-0.2244343327491936
-2.035172762218176,-1.1467258933995228,-2.6034921611586257,-0.6380588914001744
-0.6433578978310397,0.47890930458278824,-1.1861034263612984,0.4793452160291984
0.053821481029299983,1.2477290969131074,-0.4566968534750421,2.285565995590402
-0.38956188390520563,0.3977843342427859,-0.7994661533617817,0.5816313794620751
1.8778255533649046,1.2352394605280563,2.4234225495396657,2.3143505553365618
-1.4576067267438653,-0.7489048275515772,-0.8448534062149667,0.3112273714066137
0.7238553783769635,0.8724744440236116,-0.10334253984134123,1.9679701311506974
-1.2180762615391358,-0.6457194129570865,-1.372147876842927,0.5127638065006872
-0.305758869888367,-1.4595720256040363,0.0027467974883981783,-0.8398156179112194
0.02439771662206548,-0.02202652620580727,-1.7731051626472574,0.2762369639081336
0.3522661011876783,-0.05989780315950294,-0.11224376218342191,-0.4704099249880835
0.8237897555110372,0.31443284520829445,1.5410871237007315,0.0959694717563584
0.597786561099519,-0.1696227103394981,0.190791807236169,-1.8652862001527897
1.2956374644449897,1.5455083220849088,-0.04984443079994216,1.4673563334616402
-0.5780661791610812,-1.2108672389029167,0.9246181451863863,-1.5578915401834053
0.17297498046564674,0.0026962736021712563,-0.2135523843192389,-0.821258332200073
-0.5811962460077553,-1.2567087294237613,-0.2619218805435163,-3.2162976479522856
-0.7825905963348362,-1.000315446005425,-1.188113498818475,0.018164219146642457
-1.6668292042663735,-0.6061735912089404,-2.464960705262418,-0.21808060753468184
-0.7134732483037275,0.2980239622109902,-0.006760831356019681,0.01742328278204236
-0.5066758278012271,-0.1357672907396982,-0.6328828886765159,-0.8740625114234285
-0.6951839441148627,-1.463083152943161,0.3603006963476617,-2.139623121016771
0.5416078111649064,-0.17676125955095534,-0.8250282051650458,-0.0733323238551915
-0.5810772963620774,-0.6395118377113456,-0.40808295476344436,-0.045282882262340673
0.43083205102060623,-0.32608725435606195,0.9737702951082734,-0.13711345290181168
0.6717011895865754,0.5284193032518315,-0.3876967384740071,0.272004139518119
-0.4335073055036831,0.3121195403930337,-0.1816749589604646,-1.2687945639613314
-0.7809834288945252,-1.0682456435022667,0.2182861359084749,-1.5907858993657054
0.4162981823761171,-0.782552334605865,3.802439393358384,-0.015170803650449871
-0.8216205996319622,0.44117277641864716,-2.0257102429107348,2.081504605920185
0.2110758903591106,0.01617311105932777,-0.5896908431827351,-0.374530836755984
0.7548231697411824,0.25523352076796707,1.08032852976337,-1.128431272461135
1.7801097526836491,1.8945985888538763,0.7410110029591672,2.9196243835972875
0.6659476819044597,-0.19364978382086856,-0.7631200917954243,-0.7816109865123182
-0.010733819548539119,-0.18768638294997803,0.3608913371656332,-0.4183213971652844
-1.201054606428584,-1.85627053665891,-0.5614596795260662,-1.0427180792530626
-0.6433977844890258,-0.9465930130641846,-1.6890075718119633,-1.3625390992587372
0.7972923104779857,0.20673609866647763,2.5091613414648632,0.5562577908353353
0.5282482743810955,0.4276905108721119,0.23423656859994624,0.5149969416243303
0.28366973880670143,1.0045017513414614,1.540577231948284,-0.10534374361902299
-0.012139304896336803,-1.9822461436763015,0.42625823588087025,-2.107112558661643
-0.1919137774773168,0.8622653311062193,-1.1565280472723691,0.7849737071856995
