a1,a2,a3,a4,b1,b2,b3,b4
-0.671339003553575,0.5836518005434259,-0.13758431545956873,0.521999430766744,1.386939468555016,1.858974178988238,1.3804159874507607,2.1076844804520434
-1.1421393835965958,-0.32312556847723245,-0.06322105345453,-0.7010623611025777,-0.2841151062772713,-0.178733560156906,0.7827102338791135,0.04477934686464441
-0.6865568083135672,0.10158983872908539,-0.2733406724849877,0.1576329221812781,-0.5859749446400073,-2.249781763616812,-0.18978147766302844,-0.48917405067753955
-0.7720062276077355,-0.3586492236733347,0.7005569910990312,-0.6094406896643648,0.8509837050414251,0.6923524175324189,-0.05368267037908987,-1.084553587570102
-0.006423607008160193,0.17091655275813,-0.9380670771496358,-0.9097015605352465,-2.1472733680356715,-1.8198793821584234,-1.629242247864351,-0.02055669396832205
-2.1760399913731687,-2.7408832341438987,-1.0752169092870978,-1.487616884032568,-2.437131700530073,-2.3542343669297385,-1.957850328796714,-2.647348726138825
0.16125145328549406,-0.05236277709604509,-0.8027495083252324,-0.7596382883679486,1.1905673598747093,1.1956406818121663,0.0410184831825795,0.7320549635070255
-0.6045030981908278,-0.6751691490440378,-0.7866805983801518,-0.6168716022528876,-0.6779661968234512,-0.33238644928324235,1.2663110238712076,0.7499118787685178
0.11838163736682604,-1.64120329223344,0.3214375408016742,-0.25050939553304763,0.18398555625314633,-0.4111028366829654,-0.27717721382470045,-0.03327265187515935
0.7384790440253305,-0.6885074319476738,-1.1783425513470371,-1.3247920573465728,-0.49891712171428515,-1.2121510441738006,-0.9260419089589211,-0.4563178739799394
-0.6582745039786264,0.5488418627757387,-0.33401453788337304,0.3941287693208936,0.05914023333206371,-0.1306652744720327,-0.4437286134012331,-0.4036853276603754
-0.3307332114842004,-1.9196564025941423,-0.5334451106508146,-0.6131299474483352,-0.8696060285739483,-0.7302382810580806,-0.8272056783240246,-1.1522767243506284
2.093711416504529,0.7954902695734074,0.6550916064897381,-0.34112665770129813,0.3247514931259968,0.29416533015351026,0.33695351156214937,1.5930983475127163
-0.40448074994250166,0.7824465851613067,-0.862836662735031,0.1090736468909336,0.6338646473400037,-0.5213457124853814,0.41031836015282797,1.028034069033502
-0.7275941145109481,-1.1267074823766705,-1.062947849763721,-0.5144071387047549,-0.42274012100683245,-1.7212605325871002,-1.1370602967417478,-0.9808054203037389
-0.03843535751129923,0.9642478096113888,0.9482828452614687,1.0326749399628372,0.36132082906725,0.08702569796805493,-0.4974180859231091,0.5448722249226398
0.6443678324653406,0.09223253965607925,0.2187475332352609,1.401356319160648,-0.37043179123006775,1.0645022270772966,2.662281192548532,0.4494091018854527
-0.1987741620938012,-0.8648909639266521,0.7761762004665512,0.7300824846377576,1.7706520891679616,1.805805929877183,0.029632353031251335,1.8544675875278993
-1.6106559934599924,-0.6551168750535616,-0.4030350514714901,-0.9394150779392565,-0.5393949015318298,1.0374024279147724,0.39025234226294464,-0.19929318013133981
0.10816278279777403,0.3685213929248894,1.1015853325015303,0.9398151967592513,-0.1524778893838572,0.16503080714231833,-0.4083861508893569,-0.3619983571964326
1.291574427103075,1.0171547317217449,0.8239147464238434,-0.13821602804871652,0.1835844351829765,-0.7879208308886061,-0.3665127132599042,0.17390767237309435
-0.25063051529429475,0.049816801828040685,-0.15926551293308921,0.4323910677764321,0.2161182795570834,0.6271800801976104,1.0402176961508747,-0.480696952739373
-1.4177760666245245,-1.3956546216667818,-2.2031362751757637,-0.604488438982837,0.3418743057451663,1.15349423430587,0.09618407784466826,0.3961405296626919
1.7962535910932678,1.7613029048688569,0.7615320933832556,0.8445699328275815,-0.021163678272328512,-0.5404844397278064,-0.38487035426183713,-0.6001900870660557
-0.4232755641870407,0.5856467048423316,-0.10671846384686075,-0.9520422365738272,-0.3471920225089669,0.1539732392928151,1.2352093447565973,0.48993056004200075
1.5872158826952059,1.1065854115005496,1.4855381654856508,1.7181581714018535,1.4685982950550092,0.8953566264295717,1.9158291807782395,1.5103072756884295
1.483525572959246,1.6101148359690078,0.271318126983249,1.4637029067479372,0.381813019038991,0.1578997561260094,0.41628391416616006,-0.5888748322671999
-0.23354664056144675,-0.36787142741274187,-0.42499110845802884,-0.32717698023763414,-0.6020851237072762,-0.8861922229427974,-1.4275769736430273,-0.12470546614540934
0.235136159833459,0.03316918299209948,0.17410152166751058,0.8727743712502978,0.24319207002947174,1.1662136959876606,0.44103669992946,1.2320591615482317
2.395687091225625,0.705359592217344,1.1490299632018635,1.1398852682744052,0.4478998073773245,0.6063469095821745,0.09233675010782827,0.4193923123813864
-0.5027672891703525,-0.6608190787123999,-0.8163868454942467,0.6468838556920818,-0.2241775626223217,-0.28726816710055036,-0.7770169382898728,-0.18466451124458638
1.5634949740339943,-0.5336514293073676,-0.21352641704193917,0.22413661948793256,0.5373471848960651,-0.2820310256306948,1.5151922127086688,1.3050872390953883
-0.32541548079632743,0.36273806292784994,0.9774890156328001,-0.4546719329316227,1.106636647539565,2.1716039696584257,1.2698190727097762,1.5550176622740666
0.08562767167247973,0.6837468337322998,0.12991647053233263,1.1029491454485194,0.8608613036731608,-1.4053221152931643,-0.35449932615223056,0.9117185882391874
-0.2678982901930358,0.05922496740424639,-0.7203375545537635,-1.3491563572426468,0.8712898765075515,0.10221266270799745,1.2971832405639312,1.1789201383605985
-1.0354706229035697,1.9524788169962992,0.1647820996030135,0.7607847200489705,-2.7497789778346418,-0.17509492845280317,-0.860660064673307,-1.0213130073449408
-0.8113279384419043,0.7786188444163269,0.46177390369612625,1.005804142517263,0.17025726787616435,-0.19617196048553975,-0.9407252230591951,1.0728597532379516
-0.7324641789309956,-0.2086432196266122,0.5651338239799579,-0.6438563477405673,-1.7516531425006123,-1.723651498927612,-2.0729564697615377,-2.6392162243499446
-0.05603915263133874,0.17224575421809202,0.8356454003728957,0.44286233135741077,-0.7519821934482961,0.6758193446169252,-1.2679383017446657,-0.8403653354285577
0.41439131129031614,0.32044845949792466,-1.4666116625329502,-0.19852960948374831,0.8565784623834144,1.2308183765524938,0.8833761050257065,0.317410564137982
-0.646476358528584,-0.7878195381479487,-0.9027113449453663,-1.7225260416707275,0.2825971685095945,-0.9072417088932683,-0.5009846824541755,0.510947146980802
0.25122553355461735,0.2729112382069753,0.0717031911221443,0.2687847220595293,1.1418238753738659,0.3379202361080618,0.648909930869896,0.7887073152447931
-0.2190291005212236,-0.3160102286184657,-1.6614626612182164,-1.1842463458195085,-1.523609972776319,-1.3932403584156314,-1.487507077369841,0.02592917471167111
-0.24809646353700507,-0.3023249281491598,0.28848800886894294,-0.009437893282308735,-1.756715751613037,-0.6561299221467289,0.0427467631844366,-0.6416745216052404
-0.5136166029264592,-1.3360584511364029,0.9889485255157782,-0.010848881013419187,-0.12989181341857242,-0.9312744422567886,-0.10663239365420994,0.18312094743133264
1.4883820436558677,1.941404548929464,2.000344831670245,0.7188299149874257,-0.3923888213001002,-0.3960676289999825,-0.2664564356652281,0.1806918896432911
0.5613878688831656,1.1939995393902803,-0.38901263292059207,0.41429506555937934,2.3205517783349285,2.782573446612288,1.1476105827061227,2.8132389503828676
-0.45438111048861485,0.389067179604901,-0.03788528283966386,-0.8269390068526545,0.7320216600947773,0.3397469384944367,-0.32013269115457477,-0.46962434813535964
0.42053680555385914,1.0473838044017993,1.0024910441423691,-0.4852035251650054,0.42520122813772654,0.8381000342173431,1.0545244520219037,1.6942484105846527
0.06937560365037326,0.45441332073519125,0.9188690592222559,1.5308959636761603,-2.0173901958508695,-1.231831626794808,-1.4054500552722455,-1.308376683208698
0.09235871849093946,-1.5053756716999671,-0.5869937994916238,-0.4686500351970406,0.7863874310735882,-0.31033153186188867,-0.4221885800388028,-0.8245060847904017
-0.1454336958500522,-0.5083399185093972,0.8479713867186935,-0.34431426663738507,0.9341539478315871,0.9225404779359192,0.47536917697869674,1.4496955959643891
-1.3059161203891292,-0.8598358429070939,-1.5377898638667218,-0.3896807619522806,-0.26825787144261654,-1.0535307974920622,-1.527187454252334,0.16564339017335064
-0.014030924928923771,0.972765259947911,0.8658689622605165,0.36743273723216807,0.663016229530398,-1.496704736034475,0.22409285813245755,-0.10930364992557676
-1.1569884551095562,-0.6063066010231337,-0.7111091828609152,-0.753984434817121,0.7916935488615398,0.547438803082273,-0.6647161793021215,1.65279474636989
0.11455132732430545,0.2755010708320796,-0.5094215651168423,-0.7846426980347203,1.9580758101934803,0.14186248912841093,1.46485895191748,0.7610347220791045
-1.120225847189308,-0.528841112178393,-0.21416623305875093,-1.2226442615811726,-0.43561629440255706,0.47548496212758995,-0.10313273542731706,-0.5853872951582832
-0.5316087416587089,-0.9506279201934089,0.6776984391472327,-1.689870858581045,0.4037889929929672,-0.037523138483498364,0.010922623768297779,0.5327997142797789
0.30402604881470063,-0.7782353820554248,0.3654817225071263,-1.0117660928063248,-0.46670104465622547,-0.2321473168512373,0.11783524263224901,0.24338588860846258
-2.765381117477016,-0.8605507976277135,-0.23619506624308984,-1.8494240105800077,0.7176364206168927,2.00094798018617,2.1014211866695724,0.9606124737854621
-0.690386890598437,-0.34486265198100335,-0.38876103046276095,-0.6605183840447211,0.6673865898526885,-0.2942108139016287,0.04846677313111819,0.5864506972504677
1.550498940806912,-0.9309382574522244,0.2928080184620383,0.04687804256353703,1.621756402947267,1.7938050093285463,0.8931401142356761,0.9368757228301777
-0.017357077874363164,-0.38433869660964115,-1.063149226636096,-0.8377651644867486,1.002148498507985,-0.16508579932872447,0.8486228229630461,0.6757662412178093
-0.3121590049595471,0.6266250339245931,-0.09395921560833198,0.42153333200507254,-0.5760536954741589,0.912762653234302,-0.04943685599382741,-0.12103215676782597
-0.9540037077463683,-1.7756289232972664,-0.31842564822896435,-1.690133432727146,0.30841750792689143,-1.3312980442961153,-0.3655210836146159,0.001939183299830137
0.1668230735047777,-0.6483037994483272,0.7275107693335232,-0.7106705448944055,-0.5290257873242507,1.1208059049412304,0.46907681967940157,-0.12291086548846192
-2.2236358765806217,-0.19497014748267105,-1.431437462905044,-1.2669475909485564,-1.667237344506505,-2.0209093056289578,-1.7977511631213452,-2.550820379149873
0.8695538758619046,0.9217704827441371,0.9611583951353514,0.8131037559189159,-1.5188260755182443,-1.4553473907390817,0.10635186090305332,-0.1773796764453895
-0.27057652643759444,-1.8389196565000088,-1.6758727200857484,-1.4719155525203576,1.949585475631523,0.17873986303066858,2.3481505963309135,0.26222318263802213
0.2653849065767509,-0.7037109901557667,-1.2675639836227675,0.861789848310318,2.5437659184956702,1.1930024785617606,1.5740651109528145,1.3547922454367594
0.22629349661714532,1.8029464873382965,0.788087640066889,0.41946411311261284,0.22717286712490778,1.2782787771559887,-1.023767576512535,-0.9848193750364523
-0.14151761793778767,0.762649903525973,-0.5173208404411591,0.7143224416192453,-0.7519769705534932,-2.030533823953403,-0.6887071177550788,-1.6643880394878607
0.32065034653318747,0.8960714327080537,1.0670286648617748,1.3848510837782084,-0.48503723229303003,-0.09902348579475512,-1.501861677685441,0.04614361055356972
-0.8500125190998801,-1.9310174547897327,-0.21320748361276143,-0.08445087371662152,-1.42660413011079,-0.7171460680249486,-1.19900727144328,-3.021148066297548
0.5976536912550005,-0.918257496039788,1.2939693266390897,-0.39476829555306125,-0.39610077595165694,-0.9551981773417283,-0.7073442742153098,0.3921687681574546
-1.1767294085368976,-1.6277451753850098,0.12080148852228278,-1.2092725750114708,0.27649702971603457,0.06444729964886481,0.08408791672891974,0.5601691206196142
1.6123835240885938,0.6561670174365619,2.229707268523861,1.3989368251180971,0.032007377888581656,0.8274520106757701,0.18448776304994408,0.3657830977363796
0.6786749591983353,0.30054625999481205,0.2919426229706952,-0.47164157550821395,1.075331296939926,0.9595810761668884,1.119311571578474,2.397425126714505
0.3713880896125234,0.5320604013006938,0.46792074805408285,0.05703890045561494,-1.242648437260806,-0.8708775613636686,-1.0163126002658023,0.027529003991610068
-0.47317194715799893,0.27812004195364565,0.015124231005815947,0.8050562353025291,-0.6580464402789705,-0.07941575917605664,-0.5477101875858098,-1.4778642801048698
-0.7811385674766174,-1.392390669536201,-1.462183145479258,-0.8570882485025744,0.48484187072558516,-1.0962194389806892,-0.28235634019559996,-0.0421675690666605
1.7951242385979373,0.34017721879454066,0.3127681337259014,0.08992364860683733,2.3148467164003117,1.0894022651421365,1.2297152060665621,0.7526667391650259
-0.6504558628326524,-1.6818137354161662,-0.8414793192852179,-1.1897437683359293,-0.4035340337743002,-1.1092390310777627,-1.5794076594614337,-0.16649183370611714
-2.401386565062375,-1.4473656203205318,-0.7657784897666964,-0.7835937878078589,-0.977127826875166,-0.8748094717074717,-0.29718761090893764,-2.50958695100858
-0.1041326480843342,-0.8811923996654542,0.6905533943840637,-0.4451595238850032,1.6400686379663663,1.1212505841001934,1.696845561823522,2.21838181163778
1.4837569308621243,1.7783472695164266,1.3220078294687005,0.5794925613778767,1.4138009795647446,0.5255105452743714,1.0898066385494536,0.5800026152845452
-0.6659673234643406,-0.19769157702576023,0.10248871849745587,0.0764036719491167,2.141987536590936,0.9311660069511434,0.3087298787772393,0.3952007473170527
-0.469982947213177,0.07468290015598633,-0.7825295283091306,0.1946162709349688,0.4319031698612482,-1.211313023755784,0.19987592280641306,0.5193178756827641
0.40366780538643077,0.44796303181156144,0.893442448441812,0.8974211915804409,-0.1295726663269971,0.2608619598519536,-0.21890966905415782,0.5319417405920435
2.5025078962010046,1.8596642327534352,2.176857349380767,1.5608303735374705,0.6975490635441486,-1.473110914573331,-0.34164176443185484,-0.663164301484242
-0.700686630170548,-2.1293763634640435,-0.730894381704972,-1.2159196119527869,-0.8471798353159621,1.8008056641235521,-0.07616360500787711,0.4839042610562075
1.30135428712027,0.5718155322780245,0.670838251404462,0.4879241099145567,1.0497361191658228,0.34087795783310815,1.25749479048139,1.5854882104817174
-0.02571842339813818,-0.6563113380912464,-1.1059588414908987,-2.113027428057992,-0.9751140513154393,-1.004754009547395,-0.30803171274507096,0.4834171307718915
0.6588912334072786,0.6114098678878562,-0.5554945416130557,0.6903674227248223,0.9938854069048894,0.5426442571642096,1.2925012725062028,1.9320769577206978
0.0732319398851704,-1.2459614096953124,-2.2349618887795257,-1.9109829441414041,-1.1844431632286279,-2.2862373010075476,-1.0445665358672405,-1.0166098154940082
0.48105530249264145,-0.08722284840658878,-0.672427547345551,-0.7211169454973381,1.2592740500968804,-0.25116616635724764,-0.4337071886094689,-0.3089313946519249
-1.5955449094705498,-0.20643321943167947,-1.091316186954595,0.2042553828749314,0.21566808213392935,-1.0848592741993992,0.08536598973051439,-0.5456499403403993
-1.2762681649028296,-0.8954280275395647,-0.20327861508488912,0.004534218998737016,-1.3163658491115107,-0.6157726060333177,-1.1905143072588387,-2.0775583707451073
-0.8162133829510129,-0.17027649089665486,-1.3583223666772157,-0.22788379358633082,-1.5344300157195154,-2.0805971949582047,0.11961361586020614,0.21384732934361317
0.05474277859944959,0.6086578401060825,0.08931039636041058,1.3248147662490046,0.7843723992696645,-1.0255361812018282,-1.5657651181042522,-0.5452413181199246
1.0722728799278174,-0.1034933726736601,0.23046573131003978,0.2409409049111848,0.5822088727599776,1.5762292168078647,1.6875090397279713,2.028571266493008
-0.6484741287639315,-1.2404021055544354,-1.107237337320775,-0.3938992485853654,0.3001860116225679,-0.11929949269923652,0.39035065308868266,1.358523745393865
-0.5387238098149129,0.8548436675533204,-0.39177195728896286,0.5168465162036224,0.24640642117513856,0.13202275074754444,-0.6671107402769763,-0.2575624735278763
-0.1932634149494884,-0.7160578807212867,-1.7515662341818596,-0.6166264728216472,0.9131375130717401,0.5490180390732531,-0.15551348456601177,0.7801958275576026
1.3534958700970865,0.5382270233396249,0.2714005108321261,0.41732319414612395,-0.09779981634408164,0.32647903274573303,0.34630689013281335,-0.30857833305140653
0.8857002465098771,0.5864975838069367,2.0287886136368174,0.37803881251682603,-0.4934880258872459,1.2650515912290132,0.31358963088217906,0.37106301709211154
-1.1908725759478294,-2.0480001239272205,-1.0504719048494393,-1.9797630300163234,-1.2319108471070135,-1.2002420637815046,0.1700814831310658,-0.7758703833567718
1.664652455727575,0.9365947780038902,0.7010526693309103,1.7253503118356304,0.3465039713430532,0.0421666394459759,0.004296697674405492,-0.48960540273649145
-1.9086570195839911,-0.41632343299560526,-0.9111473783248109,-0.3328098442087615,-0.21351288070552873,-0.9603900956972475,0.04401763222657917,-0.455585765140959
-1.6899060383850286,-1.1369853849273206,-0.3308766236755022,-1.2572732919109846,0.08669613691051842,-0.3639417113741494,-0.6971459179287789,-0.5172990881074053
-0.3265839433203883,-1.5471986186161282,-0.9023830476042589,-0.1378861008776261,-1.264451028273486,-0.6411191237328606,-1.0787712366686906,-0.2287786074059151
-1.190661479566223,-1.4113405581900054,-1.033938614796359,-0.03365916273450498,-0.39625179026710355,-0.03847322668507103,0.21693480539540994,0.7061939213792108
-0.07104181012698219,0.676811687703012,-1.2064864657031715,-1.2423813143317175,0.2475323826660616,-0.045062961673425106,-0.6837002535040966,-0.030168409376458205
1.6088620008369685,0.7175555735941181,0.21187171660353576,1.544613658788582,-0.025308167938470516,0.5412427779787897,-0.06553705336721875,0.25928092107177525
-0.8052667963179906,-1.525066653354485,0.22736316514135257,-0.7084592767544434,0.6774726726620106,0.8569887598478866,0.18409620498861856,-0.2470678592995167
-0.83954270787269,-0.6020772328904196,-0.08153201610168898,0.7632199106906021,-0.27234857349587316,-2.167295208996166,-0.6127704754868146,-2.373506503405453
-2.171307737479557,-1.545601790643019,0.04329251681163307,-1.3563545521211886,-0.7092137901558934,-1.357368253793372,-0.18567132066230918,-0.305217473161689
0.754970991613084,0.8912322068124713,0.923767949418498,0.8815187122396815,0.23687350549015462,1.0844590494589033,0.38850572303570285,1.407959267338375
1.5942041574228294,1.8809984965922837,2.1108887951583477,1.8029475731103473,-0.1910235841096105,0.43961135759192665,0.26610452372681603,0.90894827212183
-0.16920348578640665,-0.9859689781303737,0.427828913521338,-1.0426522466133337,-2.0965998699741735,-0.1374163646649006,-2.3007525068538595,-1.7771910673157039
1.0787376528600063,0.6843941555750486,1.7821689042816038,1.7425528435564503,-0.5837735249814479,-0.19119412828077248,-0.14430296782149543,-0.4761498148821539
1.4004116381076621,0.4260265710534341,0.6160498479276129,0.9949342769322835,1.3943377944233497,1.1882031656926677,1.7108932254590956,0.833921075060677
0.08418768880463245,-0.1919956589212741,0.39383326151738085,-0.0349996140494718,-0.1511661457753491,-0.21892660214478912,-0.7895094332120052,-0.3078187106770478
0.8991609544478277,-0.8780693109006155,0.4028394531076856,-0.01573061215295457,-0.35869706717251904,0.5787203204541652,-0.6350985049647786,1.3013017611863043
-0.8850168377506538,-0.6501010757665141,-1.2341537912573761,-1.2026878897671762,-0.1740425633816547,-0.9239484631938144,-2.0310863537320207,-0.148549850497943
-0.10295117281794258,-0.11316975941706253,-0.07234661069861714,0.2220786439432771,0.7117246699839199,0.08382459940867687,0.8730242756786992,0.6851361030529652
-0.22034357102980073,-2.184446848481827,0.41896140758743206,-0.45103781310564817,0.9083735417420823,0.27452971034156104,0.10915999174111857,-1.3120960352183721
0.10890571542456273,0.5553947024874313,-0.13037341653763712,0.3417445547256165,0.7480207167480246,0.4862898403575159,-0.2995832862515563,0.8447144261344277
0.4617772835532782,0.6375452763787665,0.7576422330449781,0.08765721213929911,-0.21967943363865944,0.06337152192915385,0.40892279593534703,-0.32415256224183464
1.7079674201980746,-1.0482591994093413,0.4841805909352007,0.5692136295177438,2.2361869237893734,0.9023012335041515,1.1404153096451661,0.6969290475084038
-1.2104539081029995,-0.21913489825312735,1.5908988631190593,-0.057709887901330165,0.4863869914102025,-0.4213613663559692,-0.3666112937163807,-0.4005909161021971
2.386475619297349,1.2906373266619844,1.8874982482211577,1.82155755735339,0.10592537067113705,-0.684807100763271,0.5020705787924464,-0.6386333643494997
1.254636437468644,1.3187190414831178,0.7379876063258299,1.0174902170126927,1.982017047696828,0.65582759150847,1.9820306191833141,0.900134895693909
-0.974675210175549,1.1038273538021905,-0.37039395661538044,0.492040224380521,0.901113512079495,0.42311963573262146,-0.2438994143574738,0.7678598302246076
0.4271843998362441,0.426897203621871,-0.0044657191595526835,1.6190797152547944,0.35879663824732944,0.8704062469035722,-0.5760573578433253,0.848630902913351
-0.7194918153717372,0.5799936953059435,-0.03854659735691634,-0.2900243633363433,0.913850278320649,1.356432414813476,0.9649054534311017,0.7303271661960808
-1.0567399996673803,0.1506336423254916,0.005083980357953544,0.310300746059298,0.16777966528118027,-0.23489458457511556,-1.0149519271407732,1.015449977794205
0.4006560724118409,0.07976499931496467,1.4097937675501346,0.4924239476806425,1.4570765642871784,1.356964324937099,1.9947304294077002,2.886567650024961
0.6020096458387885,1.0336908324344187,0.5993744568410024,-0.6023241256643709,1.0179417045372505,-1.0478658904730191,0.8130951028042769,0.012621246208273203
1.5826537392431552,0.12200440517353853,0.30155956236703135,-0.6720273060483435,0.9590937751876925,-0.5056655612961856,0.23470222511591435,0.19638084538369188
0.2182791597576692,-0.12032515156622547,1.0445509418189678,-0.5102795332425153,-0.23417679138315212,1.4299408706732621,0.3565080965724116,1.1777621535809355
-0.7776682555480301,0.36198217559300644,1.1328812134807738,-0.648809036235023,0.39953043394134974,0.01136419859172133,-0.692157548811337,2.6165141855836795
0.1365168198802253,0.4578027371347825,0.3833231886648844,0.7811709649636561,0.935939275156433,0.2058206143546637,0.46998168869904405,-0.77243715590813955
-1.1741459588459646,-0.3775335229291873,-1.0678490259568278,0.12009546370374469,0.6257688567590739,-0.526763217072553,0.8335446605910666,-0.4946717385866313
0.5717185711956472,0.6162595480292388,1.6489162107792337,1.041993317517545,0.2788895329386933,-1.0310139224475092,-1.3149726446276069,-0.67927328224
-0.26948454062168115,-1.3542600326032703,-0.4335420973487131,-0.9217037540782949,0.27604038195394376,-1.172386023227976,-0.3885072519225785,0.4359666708513744
-0.20252032799618702,0.5836602180992033,-0.3382412360675446,-0.24647926556582916,1.1942028353493543,1.3294372662877096,-0.3936437445463955,1.1590785417252858
0.9443161186661795,1.1599844266056445,1.1001062073133065,1.5302714265739974,0.1869705490469331,-0.5324526461345582,-0.7063887432526236,-0.009944862598518789
-0.03756974005028743,-0.8303727382480923,-1.6560314490801331,-0.19711288352477108,0.3160556262780478,-0.04013730621581629,1.2629841807462383,-0.13152601054304158
-1.9292864953327178,-2.0825214174695383,-0.561587649219443,-0.6428959621534235,-1.18999796265837,-1.1717104488916792,-2.516856017143972,-1.3958541679774956
-0.026330329749297814,0.08461029356244734,0.3380102141783487,-0.7944922957650489,0.46768604383667667,1.895797312360087,1.6960875366675259,0.914774733803629
-0.16596544025214566,0.3358736608596543,0.5965401497503886,-0.11973596117168617,1.258895196584457,-0.024925821572003848,-0.5976495612743303,0.6064473660326056
0.7511260659590678,0.35462883528408856,1.15276684213368,-0.21928400869866105,2.18050961699908,0.8801202326351375,-0.24427175387494993,-0.1838475395549103
1.4523948475844066,1.3576962546297233,0.14243583707404786,-0.014419190423163641,0.8887981906589703,0.24540852482548578,0.23851695909548748,0.12585161919961166
0.37065284885899275,-0.6570453152805711,0.3787413671218873,1.1885104113669442,0.2722560677394707,-0.4483448871842728,-0.14289012741157947,0.05206459524007828
0.7532113084911513,-0.12075790154086063,0.2661236517340163,0.6204927846746711,2.7997222852609704,-0.09890923219973868,0.7800627212124949,1.2817775942053948
-1.501831212960684,-0.7849470881698519,-1.4369139601845184,-0.10345090921080963,-0.9138114115351549,0.07147186551008666,-1.6759576313984936,-0.5013554729680549
-0.31708823272303577,-0.3526778722743078,-0.05131035636563486,-1.6251504596126178,-1.7149721495748496,-0.8881384422608191,-1.4179427160596845,-1.3999119495684043
-0.12486119871632725,-0.7608658133334592,-0.7058118572095594,-0.2254441184793765,-1.8812545144461725,-0.16261599332284626,0.29267577021333047,-0.7211804304350553
1.2309910805236535,0.9333868604935546,1.1445646129307816,0.21502528884263322,1.0517225608730345,0.8144803993261436,1.207610644539219,2.941039204810505
-0.2338704797847495,0.8381344422787373,1.8511654726549485,0.6072592620377726,0.16000006572269737,0.8326818252300399,1.3958579911338331,0.9716971548656614
-1.2019298117131236,-1.4023159508728873,-0.8236234563347864,-0.2827324772687357,0.169156876582588,0.956764267503563,0.8571593078844364,0.3792493721073485
-1.0065127103610267,-1.3230377241990297,-0.5421008631949157,-1.3755946578155245,-1.2290864291938888,-0.02260530918763648,-0.6893446243024722,-0.21135903231671405
0.6259619059708765,-0.020596380502112988,1.5717748725583522,0.7971577279412285,-0.21830180216066464,-0.6032575352258216,0.7408419324663791,0.2504990872884034
-0.7105574464294376,-0.048268533540091585,-0.2349092525500916,-0.13522717900086745,-1.0417359923508664,-0.10984510987450716,-0.6799535214151,0.05518938780121985
-0.031239065948485162,-0.8545831804805186,0.2517753593358154,0.28618200125947424,1.1242298768033743,0.1892060113055132,0.8121580879549204,1.6648542243632822
2.0901427968364215,0.46175750683372596,0.9287568870453535,1.1642192920750203,-0.3479702386827376,-0.2453565597289728,0.5631939494319639,-1.0431023227655516
-0.7166562017680052,-1.3117453963324102,0.4489573471552709,0.17290535285887643,0.0493341321361595,-0.4087245890326748,-0.23487857566329018,0.7588112427890361
-0.47768810721274274,-0.5445654833277855,-0.7555459082805496,0.2607594290037598,-0.7940456939758702,0.17920720191006284,1.2868162573814907,-1.0483435329262405
-0.683124330597871,-0.0892094214901252,-0.1227278722274911,-0.0025513400808168107,-1.458098062956918,0.291872355537257,0.5040744107698195,-0.9793044561238652
0.42242421795379526,0.5452892762736081,-0.6173114601002785,-1.03193634154198,1.3884550090604175,2.4848458278916166,1.377023228494357,0.06839284150890657
-1.3301282866943622,-0.5866360671316269,-1.4313577314009183,0.14236122228707893,-0.22158459094342847,-2.0972198966732387,-0.43908067661440164,-0.8955595015821148
0.37491921024211233,1.1818607860178338,-0.8077357370526533,1.7849443611227658,0.5232828578243338,2.2692709484510614,1.0966096952268036,0.5678677340963422
-0.18516281217402142,-1.5166038136244682,-0.8678659393038916,-0.09046105424261303,1.5286977276933467,0.13283020609503343,1.486232575332742,1.2090536785196795
0.6200180649179797,0.26742318807378784,0.09089017970544166,-0.395047003430847,1.4548234893181498,1.8502858518507177,0.8292109743636997,1.933870717784552
0.27023386629718127,0.08431947925586122,-0.3506392537780346,0.27459122700852834,-0.9351033023102011,0.36394089557575493,0.6979025952693942,-0.34445457059107815
-0.9677022539858615,-0.508716301439674,-1.4191945991306816,-1.7264637045378877,0.25017748045418087,-0.1919425898965738,-1.1353763547303277,-0.5968418516089786
-0.6653868436894533,-0.7096458567922372,0.37156999216961645,0.378909814031872,1.617238395452164,0.3846952584707756,-1.25126233964094,-1.6671286872361235
0.7447874929322551,1.631973809180223,1.8188682921250985,1.2821332534103904,0.47767399221552476,1.8542496314953398,0.20064702661690614,0.31725791245060564
-0.07052549482123566,-0.28239278358484976,-1.2153877378542153,-1.3402454995216446,-0.26261175094534495,-0.043406663670640666,1.27363934539064,1.4874724101700596
0.1142700891952303,-0.5627253691911371,0.8546846326429097,0.5369994804743338,-0.4432203912368779,0.010885672828018833,0.23784563925597668,-0.21954244909612763
0.9734088249380212,0.9633197084307881,1.0601078079943675,1.400055885601699,1.2293465186604988,0.07761828615374278,0.903872623842793,0.9646373289127748
0.03163634229217832,0.3521867953285196,0.8392052963403771,0.5974559937730042,0.29429450702198423,-0.08937167540951041,0.6711371609040053,0.11172206939599855
0.8124488669367049,0.353874178199178,-0.42327922627453085,0.4321291753261079,0.7109053826178329,1.197554684081972,-0.17898731659973455,0.18195749009372042
-0.5576471549691897,0.35483714958867874,1.1913939717455997,-0.4054906818199795,1.74234000809152,2.120562856313519,1.8916420902646272,1.4425804564194522
-0.4794634198380312,0.7176335891688796,0.5239955938522102,1.1870610237059793,0.7898154502318226,0.24992603983176043,0.4773838577671285,0.8377253877072679
1.3683142116515148,0.9292389926037182,0.7517194173815409,0.10703334328056235,0.5625425295289712,0.12660236866603852,-0.3441929914963583,0.41929924212936753
-0.10674278279114147,0.22840225954655402,0.0895975669075651,1.2701484651163604,0.7259456558116023,0.646136416313398,0.6523934067776124,1.9631700383803674
0.4727226690164279,1.6246969828858935,0.2170542763473292,-0.9918960612071632,0.14349753793161513,0.5489924379919384,-0.3642994353775425,-0.06667790268983331
-1.3491327654770002,-1.2682220498646903,-1.047901226860052,-0.19719958263959292,-0.8019052216064113,-1.9451901149685444,-0.8538408033895433,-0.4476354760444003
-0.04972200475953581,0.2588160257340468,0.0014962786110043202,-0.2615797792414055,0.11809205747534045,0.11802174675117814,-0.5037129413862904,-0.4765649436927569
-0.2709103756398517,0.07725366505354009,-1.507608185892454,-0.9093554499396308,0.8256632724814722,-1.1353408889589156,-0.0035588415097223963,-0.2615080284871481
0.8824669765072352,1.7446109100175826,1.4690430451535805,1.0604375902970622,2.174526131053666,2.3597890772815435,2.137906807945007,1.8113208789542996
0.14936577326610773,1.1155972966460554,-0.3837051130559034,0.3998899933180997,-0.378261842975735,0.9296252162573457,0.7465527649774961,1.1498866662001004
-0.44622372465913873,-0.3070230369490808,-1.39793911761197,0.29272907995664643,-0.3007389026678806,-1.040689374133803,-1.083599706071483,0.4719067959600005
2.292567611364356,1.7117949012115115,0.7483464820824937,1.3878023273526359,-0.20641461093377045,1.2892054651985165,0.7240502167806298,0.28904093397847097
-0.7825739609193809,0.2852112746831871,0.1801120101881165,0.42293205998273053,-1.4618110392030572,-1.4837484909898389,-1.4856546069662069,-1.858030570214277
-0.8929361583463972,-2.185522403340401,-1.6235469757447405,-0.8668822793371488,-0.03849657693436259,-2.2057938184951875,-1.8774258919108253,-1.0188314361209572
-0.3177824191492517,-0.8316226962274249,0.292172893739029,-2.4177093390676285,-1.1030929004187928,-2.2014281650463383,-2.4700082371814567,-0.44991449395107874
1.5739994975079856,0.45375790261917365,1.4671741878626534,0.16667804896122557,-0.20346207166639863,-0.9480809088498025,-1.87252078438997,-0.40300009510856055
0.8470986644718643,0.7285094553524321,-1.3585777619287043,-0.7824563236815828,0.26556591682999087,-0.15098891109602874,0.7795679128297888,0.48348721863370836
0.9394868184239002,-0.949117519105233,-0.035715820848646496,1.0736393063255283,0.06406026109504209,0.214117697235839,0.9054209958227817,0.8847390987125198
0.7079717462380681,-0.8260155223356012,-0.23448841106924714,-1.0109072588556027,-1.844919425210596,1.0848074360055375,-0.14681690617078608,-0.05549173814405699
-1.6237599817266617,-0.7378203449776735,-1.8787103779470176,-1.8996784698618345,-0.2782665625293963,-0.57596440495292,-0.8661416043814653,0.8685042433543637
0.48531374008256334,0.4365280265070547,0.6798123912393497,-0.32932076316793474,-0.1645331707128216,-0.3684920972603298,0.21667798420249385,-1.1846236290512797
0.9152946530490503,0.980857359274659,1.427456076008752,1.9638096463387393,1.4831296201304989,1.1485143901827017,0.748825295246164,0.42643191594951524
0.10163488729823861,-1.4090967791104168,-0.8801909904544003,-0.5023962972532687,1.1154784400852353,0.6768950369596126,0.6124350454077653,-0.3295502534013691
-0.3642545540810821,-1.089288083193296,-0.7803478215089086,0.2571991443350117,-0.4019691965476572,-2.0889956172927775,-0.10567571096212347,-0.05730135211560661
-0.42685368157687464,0.8764517570092782,-0.8089761622707132,0.41969000859592526,-1.224965822886872,-0.17722279038649058,-0.30206084127053956,0.33458556149214824
1.5096941972858484,-0.25141532572335556,0.9208294834460561,1.6714897769971087,1.2374918069573262,0.6189386895010176,1.8715515319590605,0.9777291769978962
-0.08729232644844409,-0.8644555441427556,0.06752806823680746,-2.24386576002089,-0.7174983053461325,0.05951004653733889,0.6568159175566126,0.27581541099094187
1.0036902700927572,0.9570838566471147,-0.04621260784689796,0.4394750109210735,-0.11138146336393413,-1.5509061205995371,-0.8858440957826921,0.36056917225365975
-1.1936656776101904,-0.5470298838167158,-0.05270826465547784,-0.4121335004891663,0.8597771701599691,0.4738048227585408,1.755144088665122,0.33235748046821256
-1.3012045047695504,-0.27168909932252167,-0.41360832699906325,0.5265720614474362,0.16291994439523105,0.5389284552756178,-0.39136040955013385,-1.132578841577183
-0.40758049296463594,0.80478586071373,-1.3549734150212243,-0.1487125529671602,-0.4513356938210705,0.15188772292263913,0.42634113883592745,-1.220862302104005
-0.2211078469980855,0.33309077749746113,0.06626197571247538,0.8367851733591816,-0.4488189875716154,-1.361517678164243,-0.26653513752440444,-0.2837355290607999
0.46322569583478096,0.618417166757927,-0.6418423769768681,0.9843559029727093,1.2524160205121224,0.3652496996123511,0.08345429724633166,-0.09386519435709018
0.7949168690982616,0.5039902269787466,2.0566893414016647,1.0899332494113172,-0.31934548808327057,-0.44140999702666106,0.04025678198502364,-0.46886178566678943
0.4679448208310793,1.133808635874023,0.9645414695478457,0.19036151405994872,0.3633515982941723,-0.4655047705998052,0.5087916814952426,0.14857511858141675
0.5097211499144314,1.3603487124889246,1.7158975124383065,0.5352823657642971,1.462734144657392,0.46869813152277773,1.7262756578825469,1.333226421225585
-0.24697100627741148,0.28094319971257087,0.06239867735238572,-0.4509582510473705,-0.5595952480280733,1.481510308687356,0.1940384789123652,0.45611430586816887
-2.1865600744588187,-1.976637225116987,-1.740963081249323,-3.061717824793412,-1.4411291109984532,-1.7147317732637806,-0.8960772055601472,-1.8639935837095094
-1.504632752273984,1.168711126197017,-0.598818342525947,-1.3675390927286846,-2.5110906932367647,-2.0597815662445287,-2.8060171737758117,-0.4235811191879848
-0.1872839620248531,0.5460764172650299,-0.8425132901857952,-0.5010750965626065,-0.4741340555229707,0.4077312797384421,-0.5730471918817943,0.07067487617466706
-0.3320715521582633,-0.6362784461102768,-0.8078499830485821,-0.16974589358556164,1.5789399936684412,0.13363184395495203,-0.0035217797771716908,0.10811849552487637
0.9002694037127734,0.49919067636836095,0.7454527994296858,0.18917552246184577,2.258207675377734,0.742923499736704,0.4063604885988238,0.8475012380755514
-0.031300162662477926,-1.3666615364513661,-0.4946626859109032,-0.2156063932404811,0.6145948228651041,-0.23326676744798672,0.5576251278613407,1.4527693118197584
0.16347624850940068,-1.317394151426602,-1.2390121867364492,-1.069136872147467,0.8626189843358563,-1.8832503210567593,-0.39440376576011976,-0.028506673425000628
-0.4960744895459877,-0.9323441662535272,0.4652945133219098,0.9346583925000371,1.0471696360657488,0.9212920487005922,-0.6752760294873725,0.9573738023460571
2.065289224239181,0.9530612498013827,-0.353255344770696,-0.15707115822621454,-1.0073787273907184,-0.6503557510315674,-0.5177587600082221,-0.07603890262171835
-0.6280551099422451,-0.8192576915359806,-0.02134395777629547,0.15519648238788442,-0.34123510902073195,-0.6119830654554513,-0.4422614749880993,-1.6898702949222266
0.36860695230056095,0.22630049389175202,0.2658827372517509,-0.2955399962396849,-0.16213674036657877,0.8263173249582969,-1.4935376595657204,-0.8608580866829167
0.7350029639886795,1.5466763940612864,0.9741870924072301,0.2190266904543933,-0.42719464454089917,0.6928030336455628,-0.09008538206372568,1.134583211041659
-0.038571908346203776,0.7091116063070997,0.2794689558447633,-0.7392680571526871,0.9901206964669833,0.2009966410239051,0.5876087157193673,-0.04220060565444417
0.3155156589871928,-1.2858293754624643,-0.07629202320719375,-0.9893453207282195,-0.9229942635786998,-2.0670935629914475,-2.0015943079731415,-2.0377180710797367
0.3408677862393338,-0.0033178403978796345,1.5068201471117983,1.653182442923755,0.2405757652068452,-0.803394744474477,0.3988608915344587,0.2422278199398304
-1.8392237938023448,-2.9266915307156616,-1.4855526351506516,-2.033659376311639,-0.868007231061392,-1.659373496422833,-1.392702012289016,-1.4480767635223502
2.0567331270927793,-0.34373879932127904,1.0320758479304635,-0.19218124091386346,1.0054870860033251,-0.05368107766867514,0.9445034795561378,0.09273129704820426
0.332298751997759,1.284764621750915,0.07713185553782398,0.10553397203103368,-0.8981131003887777,-0.09190855131848596,1.0726444931531556,1.0976791516312354
1.8304303934698387,1.8422524962192752,1.179899626032912,2.3542507879350536,0.39325687010912774,-0.3744804127328488,0.1789370280628928,1.529146803354163
-1.215343077606919,-0.7154819243025667,0.0076857487610904884,0.5688171854808439,-0.19971508536216775,1.5613012130133992,0.22285622523517312,1.037943220500794
0.17953825793098005,0.48398629613215016,-0.5337169351031414,-0.0084706110877895,0.428821187001714,-0.8944742385951284,-1.0038961014337504,0.181200749749986
0.9069960707209392,1.3844098599120294,1.013220494449945,2.348928821946307,2.393819422088879,1.3392623991954409,2.0941168941047072,0.38012039488368743
-0.4499059196946118,-0.1749231211680412,0.7162076385737655,0.5959487256550935,-1.0198754419556746,-0.11043590397604451,-0.6928496235402646,-0.23813092154731674
-0.1647931792692699,-0.10110712188894722,-0.6651193033169523,0.4793203060991974,-1.210584596609543,-1.092039848724377,-0.6596045947851655,0.21957503035311565
-0.6163945785887551,0.05567670821042452,-0.050866086556591056,-0.7570480313826915,-0.7595141159813972,-1.3253383061841415,-0.4308830384961714,-1.3934939495248502
-0.49918083409624914,0.32844395412596084,0.3674212839282236,0.7376207383952968,0.45405976317991037,-0.06456841866451328,-0.09900702742408037,-0.0394824241593158
-0.8521845383138581,-0.2735334241032319,-1.1923916096319582,-0.7769843899274941,-0.6428015071513833,-0.08947834051687559,0.9728331436636446,-1.1643577341796436
0.9867667812877859,1.2819828566511076,0.23328089175783628,0.9139768465810079,0.08880075778207441,-0.6580024669263341,0.24600949815215875,0.30135616999798887
-0.24769843029142746,-0.37500495912633014,-0.3306870629829798,0.5826473156938256,-0.3978036002667047,1.3461217833155488,-0.7863538614841497,0.5212050863116691
0.6668596324890874,1.5257817552300685,-1.12014380737188,0.041941106203795264,-1.0521396089910966,-0.08697643803788824,-1.1191564593791705,-0.2895133194031338
0.16864082783687745,0.4692157643762463,1.3358937873471652,1.2384029834263033,-0.014405348740302693,0.18430026524206702,0.3311473143941629,0.7402851860423766
-0.29724896465723755,-1.4448956344852768,-0.382642689064587,-0.024271683694520596,-0.6240032683856249,-0.5883209470356591,1.3939666350456124,-1.0777863656013016
0.07122063695678832,-0.6976158634892371,-0.749730055134852,-0.5197715925099133,-1.520441654737644,0.2400198956323234,-1.8578906703209466,-1.0213749141742627
1.6723784307973384,0.8958143589785992,0.8475980747450327,0.2094022994858289,0.48172874683521827,2.4825126629654415,1.6529749378575804,1.147027420988283
-1.22952628654406,0.09635131406082692,0.013819193662814422,-0.29982402376973233,-0.1454891175071551,0.2405437777710926,1.1673249604144855,1.128323936800208
-0.13962567450181743,-1.1167325068376925,-0.3636153891643379,-0.6173108265804519,0.12390217551526539,-1.133219964453355,-1.3781340599968206,-1.9291847030966698
1.2273572536553468,0.2256746182984074,1.0622447636119834,1.3240307486351885,1.7646790481608938,1.474130229052653,2.0822056627702805,1.7691232999511088
-1.114194166011126,-0.445617510673472,0.1417987668007597,-0.04973299514795265,0.41395161756965293,-0.46338985942282857,2.3533133604707297,-0.05926453380786384
-1.2969849408792986,-0.008376061757797593,0.20133442353224873,-1.133132326396217,-0.7186135684812089,0.042917398095652315,-0.7471630929238733,-0.8153122890521152
1.025405749929924,0.6899529617541853,-0.07802515377183261,-0.0415225792804457,-0.776710645780573,-1.0172880919396303,0.9062822030225831,-1.5037391650829144
0.9644170766641202,0.23971902085291763,0.8019399800417887,-0.15591983074360266,0.45761636163015135,-0.9486407578094443,-0.8950824337374808,-0.5286756768431121
-0.902232007120704,-1.0776133871521947,-0.5152482459964245,0.7853780328163373,0.6045076659181536,-1.0901999079818636,-0.3791466154623101,-0.07524144825395959
0.06254078113968017,1.3491206938614826,0.043653699265298274,0.5339573957470671,-0.9871665051979456,-0.8949505695634354,-0.8467397762429333,-1.041803590225426
-0.18921850081167124,0.20996639568416497,0.11211926802468022,-0.2456402489000634,-1.0449320784152907,-1.426985138934818,0.20635964031593362,-1.4037439380739865
-1.2340347372102225,-0.661884419392377,-0.40362666373841705,0.17409627739453692,1.233138880125457,0.07477425402173513,-0.39857570987902863,-0.29856615592527186
0.5640327469898474,0.3963846896582742,0.15261332066540745,0.5177363330692709,0.09479710732735212,-0.3356216696335973,1.105605669397791,0.7750453390291999
0.8257036530915424,0.7722725334571813,1.0157690683408558,1.167192182909264,0.4318140568017039,0.7766801724266815,-0.24498310144000332,-0.12245492689476759
0.7577403621002918,0.813175508739326,0.8868299554312171,0.457718764121987,0.7898850976581228,0.6247051752484025,-0.016096474692809074,0.4804501432142851
-0.16042501585721797,-0.2362279056565495,-0.42239074131838167,-1.1085103093908102,-0.7185395785243845,-0.7432678671801652,-0.19673011213646852,-0.9235888752492564
1.0309888964769516,-0.21484541943089258,0.5319700638758282,0.5514973091200941,-2.465258345654496,-1.3477381759635412,-0.5367238666325298,-1.4013751084601889
-0.6254241525850351,-0.3566213968799033,-0.38405039336523317,-0.3800191265617337,-1.0772435691264008,-0.3318247010575407,-0.541246073850516,0.3670935826890468
0.7620464608033692,0.25159518172458906,0.07246402886658278,0.04983748222480207,-1.2213739497667044,-0.6768732062100615,-1.5333024060503835,-0.0028021717236723642
2.040891279077949,-0.3816944019108425,0.44794927814900454,1.3920035693058614,-0.3781561439624519,-0.0068396781500591475,-0.2970741453796416,0.1374355698008366
0.5356988254155433,1.213707697523816,0.5980116364958539,1.1994086531057373,0.8054518568072686,-0.20449775156239836,-0.14268752876823543,-1.0478701154997305
0.13336037375037857,0.56989954412672,0.1297895705207982,0.8221707599765989,0.40174243088745337,0.23549940997190327,0.3165844618324877,1.050406922775527
-0.16905721473472007,-0.042906533067097075,1.597042754388621,0.34685543947770625,-0.9686937233130581,-0.9956741251443224,0.4670604316770217,-0.3664951514930414
-0.9664767383016679,-1.1084522044809866,-0.5006067300381413,0.38718803514553823,0.9418419749789053,0.47898616008009615,1.960910915657565,1.0478374542666025
-0.030169919535999123,0.6693606218779282,-0.44280122346061807,-0.8012492961188467,-1.7381345564203095,-1.0652323336659446,-1.67715386949045,-1.4069287853113246
0.0010755776915308823,-1.151847084291902,-1.7361244406309415,-2.2085554501374824,-0.5999931152294526,-1.0048722960590128,-1.3341150365521597,0.17098631882560728
0.48055545712597614,0.4935121209499475,0.4083671157264638,0.08839952779385679,1.41557869566848,1.6042491718484926,0.9544053064561189,2.085773700502343
0.45392978822054897,0.6211572868069992,1.1621927586305905,0.017376471358687917,-0.6024515826180907,0.5042795681849152,-0.18083529843436552,-0.38415855150878575
-1.5554538509094955,-1.8253289170582958,-1.0316474033997471,-1.5201220176172416,-1.4596551252841703,-0.2442235652189807,-1.9494086624685276,0.05632901772038035
0.8203494405703644,0.4429366272519502,0.003436798578776816,0.14742999882120972,-1.799581784079428,-1.5708634324562722,-1.5177228242878678,-0.11036470229063289
-0.5763328856704713,0.33757399293633106,0.30018821805236734,1.1894386189678317,-0.8797879504596539,-0.3498146341904299,0.3549607975606172,-0.07958434841682144
-0.18563399536905534,-0.042752871884598836,0.10805467350166778,-0.03439996694415676,0.6964110954486509,1.1555002428130612,-0.43743609798661454,0.01272997691905381
-1.0196366711808895,-1.0679037877643882,-0.04382438255510812,-0.36432864243880536,-1.5330515282810628,-0.009750938884762528,-1.238916650489405,-1.3093155691752238
-0.18778055294888107,-0.1063649285707442,-1.1844822490664852,-0.016956954090165066,-0.8008618677494799,-1.4762424335144322,-1.436158471395688,-0.5028101290133752
1.1852249401923705,1.310319389063767,0.8256051034012782,0.49423437167310347,-2.4282852531233967,-0.3976958880956674,-0.14295918016838371,-0.12917904175717587
-0.35037272726007057,0.11517444282538455,-0.8160647768179619,0.5576935652746062,-0.16901340362573444,-0.31308333215352335,0.5979403167057828,1.2095213786747396
-0.3022028821659125,1.1825813042972781,0.5722492106178867,0.9346534757771024,1.3358802311258133,-0.7529267385695372,1.1684274433993513,1.0399800633777674
-0.3280190923565159,0.32018626670738537,-1.2597149884913073,-0.13603108675616904,-1.2760129475676347,-0.33099463055263656,-1.2987613141424372,-1.5985327020371636
0.19181177961885842,1.4910571164105049,0.5270403714495766,0.9562277467809874,0.7293246717244692,-0.7759233305257978,1.0135259988547645,-0.808361060868825
0.05732712757258529,0.06815800751803924,1.1039677406632005,-0.07190761314821292,-0.961685434976962,-0.5622287345452133,-1.9621332863598124,0.2243742845277732
1.0333682090411975,0.274715286408803,0.6076775276554655,0.5968116759279583,0.5241593727922025,1.349551721006729,0.5497462533965856,0.7877349509952618
2.0349418205458782,0.8952885753813827,0.5422702733283893,0.6378410059005349,-0.080819632078164,-0.40260501656137354,-0.627129253945169,0.892587973814408
0.4370313605114442,0.8924729864872851,-0.12770346113251874,-0.033798857434592405,0.46307223801181396,1.2345182781626498,-0.029123478316834706,0.5837492240088024
-0.1584102535329606,-1.1359782617782819,-0.12373044399892177,-0.2970649409566968,1.3868820941643116,0.8258975820869576,0.7735195856309984,0.7770814233536579
-0.4005024974439864,0.16896123586829956,1.3885069901704425,-0.5829535843017282,0.3172006623205864,1.989826403508425,1.7003502202203524,0.5041922749653396
0.24484580596320493,-0.6042226000605624,-0.9039007320248389,-1.5947975375442933,-0.3293270181568354,-0.02341070508272458,-1.1598518781652023,-0.7024199754295759
0.44113685797479596,-1.2701287264801944,-0.3079725618575536,-0.42151411005505346,-0.12207531602918797,0.7668392658826553,1.1034134562743652,-0.09095009818593702
0.44164146515634456,-0.4537740928438237,0.024609891720924065,-0.0099406571668889665,0.1594822367824299,-0.18598194748131908,-0.21593339741483836,0.161221830611731
-1.4756627977276002,-1.310324690167533,-1.1603002593870786,-0.8442903484918455,0.7508010911791644,-0.16433325354323128,1.0881356762347691,-0.7027463912192471
-0.03788536279354038,0.7530403480642441,0.6957134392892013,0.15642665188710836,0.7986242950882603,0.5694203887904712,1.0418727357207227,1.2256589845825911
-1.209875989261124,-0.3690775314193164,-1.2710714562741923,-1.6598185259884897,-0.7101815574547548,-0.03963598030474948,-1.3933928117356131,1.0643724075271577
-0.3055661870760655,-0.5036308691163655,-0.6905416956141488,-0.5522093289844889,-0.6909131028348706,-0.7540933061315347,0.25955523791816876,0.148980962379282
-1.5687365608443968,-0.6537674246331848,0.0019019397030856089,-0.6024015059167427,-1.3311489805661183,0.9029092683370139,0.6524171078677875,-0.4455207769231758
1.7809578932241341,1.6997542721630914,1.240909873474518,2.111789057155222,1.7764782225059865,0.2986229655475643,0.4605448109653848,-0.7834087945971988
-0.5707705669021448,0.09888658562743996,0.46532882711560075,0.5021479443503927,-1.425252020792359,-0.6301315655339362,-0.6622476994711393,-1.236312810894029
0.7255192670404481,-1.3323462475725383,0.3925752451138153,1.4225321647828466,0.31964038716230536,1.3599453777308737,-1.1591191806054886,0.40113970844116265
-1.543953836829417,-0.7323200633205589,-2.1072761038826724,-1.4615552913923358,-0.7037416580284368,-1.5181414457949212,-0.7550093484354279,0.14167035176337567
-0.2264226149554348,-0.3611159324324015,-1.8086310021682264,-0.5940503803691598,-0.5802498652199543,-0.7088817681621903,0.04228397733486071,0.8592174042811306
2.1344285043003266,1.3559141329732458,1.0923505642338869,1.0777326063582324,0.054182332681844414,-0.257949507844648,0.7992529862182425,1.414447501884056
0.9796633356994185,1.399561429406749,0.4111539730636453,1.0021209875060053,1.7466373870601033,1.6544567557630414,1.9529405611651527,2.4497415494286328
-1.5101347838418515,-1.6022681032991424,-3.2657693770171226,-1.568052680286094,-1.1358051919555652,-1.1903987047281699,-0.22571019772927225,-0.6334690293649312
-1.9773820625628042,-1.3129802404722337,-1.8778895133517142,-2.638651373674134,-0.8101296627171507,-0.2469527119410152,-1.2387904507890564,0.0011172120887698034
-0.5222163068463269,-1.8769089954235951,-1.7377237159651417,-1.2583348415282476,-0.9735138764127473,0.1950510334870854,-1.4215339242798488,-1.144112778571702
-0.10290580068090971,-0.7101523388375995,-1.0196882966956746,-2.0583874760960645,0.8306868056415319,2.118134464556481,1.5219368595247247,1.0768780882573468
-0.11595745600164542,1.3933690574718567,0.32535120190648775,0.25523459548975974,0.9823655446261377,-0.4179589183748791,-0.1544751095914673,0.1589584370708811
0.5169670538658202,1.3536392857708712,0.40903312118135976,0.9478156809467901,0.9437859474317551,0.8228235807021569,0.3063478786549638,1.2452459498192898
0.25110766252221417,1.0199482554309953,1.988376707007607,-1.0980545704706066,1.587598201691518,1.3897858461736734,2.1102142603956926,1.2707721901050553
1.1853809157157316,-0.04796478627682288,-0.5181979979865148,-0.3321827985224847,-0.2844026571771089,-1.174160919841217,-0.5503461111119623,0.19256160360403035
0.0535293182154476,0.4479409779239434,0.19601908893640785,-0.48258792327062805,0.8539903352436091,-0.21799104144978887,1.056494645925896,0.8054218424372771
2.2154829568847054,0.8508038721189839,1.121515294393754,0.4022598536146108,1.6449169562652883,0.17849966810039752,0.8261163504378423,0.5689804595229537
0.2669821482882074,0.9421424270834753,0.16433568431371914,-0.32968362334789914,1.2993581417783033,0.8163693316257803,1.5260911261903192,2.151973535035218
0.7197438492186555,0.3711965857130213,0.09217739670878872,1.7198977578201193,-1.9561448109595407,-1.1034055845337154,-0.15275194570065243,-1.1329439735758373
1.6081564997195186,0.3518349908656807,0.4584706526788147,1.2782383908518433,0.4648353966274903,-0.033310072316532324,-0.5279036533696754,-0.26230691386873795
0.21006235469782764,-0.12212994154609558,-0.5752474986943721,-0.9037185941477233,-0.6258712887482379,-0.5029899924871126,-0.38970916959204005,0.2078284879738299
0.860310708727644,0.17199820137655109,-0.5966504107434785,0.406177739962545,0.5800962716031527,-0.527629906539652,0.823768338572537,0.13636408406667477
1.657168639258662,0.5369076623917522,0.4245431621052602,0.46394309653131555,0.11164261140792237,-0.9128413860550724,0.83032987176349915,-0.06894467380739872
-1.6637532220961102,-1.8521581488102496,-1.152686422031773,-2.1427406294709015,-1.4516586613530809,-1.5735891269019473,-0.7300047537298496,0.5877170801671406
0.09994129436930904,0.47571363578302095,-0.21454261076983802,0.3517312130248198,0.058715853108913085,0.8405560868290387,0.19868296326172943,0.9027777855705379
-0.5987270850655737,0.5247006712232463,-1.157461480034672,-0.18733838930572522,-0.2187320070137988,-0.6969199330707203,0.7709756727576129,-0.2471413431746226
-0.965078826584781,-0.9363289713854276,-0.37743248518298905,-1.3688430662585174,0.6589989687680609,0.9408499952168994,0.0426673330862124,0.41927744840503356
-1.9345692731808741,-1.366033295353411,-1.1819682077958222,0.8736041595657804,-0.05037359979846823,-0.2770323881569905,-0.6524301487384003,0.30178010558212787
-0.100047410806336,-0.325802184752596,-0.19930636020006443,-0.45059115415625944,-1.3584744463025584,-0.9133558713729897,-1.6271049452754254,-0.3646314253565667
0.9815535121230671,0.1176239694440103,0.15044451631599579,0.5484419877353537,-0.41743048049271697,-0.5016795789435072,-0.3688903833297824,-1.3079696927644244
0.6850016954766338,-0.8282505637715049,-1.1817507654823731,-0.8423380662555039,0.9057220575545335,0.12337742838355742,1.677738875260501,0.6458765191914788
-0.22233074111790913,-0.27549718020673114,0.49616388772491893,0.1598028135268706,-0.20907330140149083,0.38821121460828084,0.2379777714798667,-1.135532525621323
-0.05640166050876755,0.5144816311622983,-0.3870064175558507,0.2832769285431676,-0.6738435140010386,1.3112200143682402,1.297902910069538,0.20521081033975272
-1.0211653047545748,0.2893201803955749,-0.06526137351043837,1.282739429292667,-0.16400394657374595,1.2131747796464285,1.0743519537529922,-0.14973619073038413
0.45028738968243776,0.47832388265686876,0.9206773541181088,1.1049018535444337,0.9738189866289935,-0.07127516387325739,0.05118974851080127,0.2642344563695808
0.5743576264695185,0.8390473631943931,0.8225497010669702,0.9224764212385137,0.06910263775137593,0.30964514005019805,0.28211470799309724,0.5031624275661809
-1.3128608781232374,-1.4728305674061146,0.040910800159847716,0.11894390964042612,0.14040915154349642,-0.31099803047218344,-1.2543260684863327,0.5745166896699956
-0.6460889018740503,0.4634872531292409,-1.1358049599334736,-0.4962450180403019,-0.2847407743060435,-0.7528981504424012,0.6934498135834474,0.300594961916146
-0.09193418625820315,1.456756132403473,-0.08738145524450847,1.1807881577597397,-0.35540150802190906,-0.49162465360679963,0.33460942505399993,0.06834094712353306
1.083047650695193,0.47873781908088064,0.4015915570526404,0.36547289185661685,-0.8809188385878806,0.7168056767009695,0.3052764432124692,-0.35131301483681465
1.111611186663683,1.8589976317828718,1.4093024956846052,1.8906799627036879,0.7965446496802848,0.553061088543308,-0.04970486108016672,0.531646335200425
0.06171492945020318,0.5991390715544413,-0.5830707664447987,-1.2033143464592417,-0.7254580537440993,-0.5730368206394301,-0.43093936756243467,-0.3286831839197454
1.059999649810553,-0.20735188849887187,0.083023399423856,1.3429639474503023,0.3345142580837767,0.5291516966684591,-0.6458389621065825,0.8672876457686971
1.179480079934657,1.3984479331938198,1.384401046551678,0.9785420407980694,-0.3749510284278068,0.32831559343731853,0.9130808949970125,-0.17255712412004165
-2.0864476164804984,-1.266744648548309,-0.20186794604181968,0.1855370756473047,0.17962528460795324,0.14805443214218417,1.2507061855602384,-0.37470249204733647
1.508287259103772,1.098647082312027,1.1863578932984047,2.5328431430607807,-0.19660650551478243,1.1256106490976636,0.3642389143571141,0.5530008728178513
-0.21416245167615083,-0.22533743986428006,-0.6253341559849525,0.17533320124965135,1.5655245694101405,-0.22852352809921608,-1.3944370244934314,-1.499828526997873
-1.010697024578544,-0.34022329864049716,-0.7419133544615741,0.17746815527331106,-0.3891401585069815,0.08741651021659902,-1.2057084846828061,-0.7492808072466495
-0.491022739745417,-0.6002563493039946,1.1141713798767907,0.3525628205088607,-1.885037383000483,-1.4132587611974725,-0.3644651692633436,-1.584902600472842
0.23922216450527495,0.3088529312447119,0.2140114710432207,-1.1191923783013242,0.5680592286163517,0.2733595681364548,0.9737687688356386,0.290744440585026
-0.6171987112393175,0.27784165273423744,-0.1696765583035258,-0.8722062132401167,0.6416305700812373,0.7373606349725602,0.10006812692067657,0.4252007805721611
-1.5348004732649967,-0.7373960842834141,-0.6681734093734258,-0.05296348061045031,0.2200573511892926,-0.2170591634849673,-0.542265186269228,0.22777330910359156
0.7975189020230175,-1.6928287388494723,-0.17466846421876442,-0.8578215253652033,0.2575843968183138,-0.6439459196807944,-0.2643581407205298,-0.6802061871123106
-0.19384854259264728,1.4569354446008012,1.2252992258966287,1.1158988530790164,0.43957117731612183,-0.6362181743100315,1.341213328700633,0.8231969685604688
-2.0224177179194314,-1.1652361628275019,-1.5007931391661764,-1.9166017186026512,-1.3570151347067974,-1.1572500693514833,-0.6681312427921153,-1.1211275515074923
-0.783526863883275,-0.9496087537313372,-1.3162102952831922,-1.2557255504326332,-0.46301370855181245,0.20413830976805214,-1.198286574001438,0.4063045551783243
-2.0471900255292668,-1.0027165402885456,-0.623343573786117,-0.9696676920882051,-0.7975454938406518,-0.47498725497994143,-0.22024103398982642,-0.7457023884741145
1.2551666574000542,1.6114608247610507,1.6970422947484922,0.7719199912093677,0.3928287432258007,1.295434075212468,0.35195982790148916,-0.4308536184260382
0.4593558246783086,0.783735410525562,1.4280627505033459,1.0821016121334721,0.4296871340759542,0.9753535263964129,0.38533398354849113,0.7059343024459688
-0.8656877092943698,-0.6001712685555144,-1.7363950227718588,0.3465849809884307,-0.2443609453550482,-1.1385928623986648,0.22115211270577106,-0.5960757418618513
-1.2403156079741464,-0.02012554315400629,-0.358710006466829,-0.25178597709418743,-0.3730053216452343,-1.0145436007297193,0.45141155996346233,-1.3384773943162636
-2.9787212237009086e-5,1.9956006391763248,2.141683818020848,-0.32261497775469816,-0.043108896736102076,0.7834517447454659,-1.0399773524714786,1.0209869756880892
0.6373435663202799,0.9126595201583281,0.9151610475853451,1.1279857658618884,1.2718849824778873,0.42075077813110207,1.6482730207220162,0.37842340740431823
0.13256657688869927,-1.2013591598030575,-0.826590321893795,-0.5309305090850366,1.2533843813051457,0.3509885297965263,1.5188405502630196,0.051615343863670615
0.9474621980144928,-0.1523648258462343,0.3553668012109178,0.37004042370833246,-0.45312917921557344,-1.4364104230579904,-0.932446685436649,-0.591204158852108
0.28875081438612493,0.750091219127959,0.10051164163627946,0.7580589082886475,0.13121039111285032,-0.6497957206637764,-0.9804569883224594,0.06226829076654178
-1.0877596014807236,-1.4948504787561236,-0.14565420858848932,-0.9214232557032795,1.343856711416531,1.6414246878537617,0.34221784241148057,0.284580276434295
1.5287226593483054,1.037913860949969,1.1980307189278916,2.8200153359589804,1.1904437906792582,-0.13923665914920824,0.5179223398871685,1.3716307075210292
0.13556231824492798,-0.6529216167389746,-0.40666921654508525,-0.20653577587252114,0.08831453490247665,1.1981300712951146,0.32292064510736573,0.7206388277976963
1.2206728580976534,0.6040216964344495,1.403234675749127,1.1357945504680296,-1.294907874397688,-0.47283874235379875,-0.20294067120232304,-0.6076474580060286
-0.4565748978202945,-1.370555999513936,-1.4562910643848161,-0.06533050444058863,0.09267547208239724,1.4539686206410225,0.9301096766122652,0.5669510713461647
0.2630085700549764,-0.2803378075412095,-0.6308113452712079,-0.29786123437184386,-0.17868359545873702,-1.569077395506867,-0.04380659376726148,-0.33961422537031993
1.5869117619591875,0.4787226480608707,-0.16133455097635208,0.9505283231613614,0.07741583311137995,-1.0441713174593112,-1.1342167959660165,1.2544113594112791
-0.17121244019728848,0.009685672497335693,-0.5010382362377598,-0.4036330292832112,1.0482734168119476,-0.2330428490598478,0.022112772926627333,-0.15598351493910306
0.16246194214503934,-0.15257914636167658,-0.6745469777587991,1.0221217358483816,-0.32126847706221734,-1.3109942802865964,-0.9083980885074395,0.0574059976009334
0.2534617828371113,-1.5006788691472572,-0.6843412810674459,-0.5035601398098348,-1.8809981618513256,-1.4958123525932108,-0.9656292874205321,-0.8673727538802212
0.045365588089327946,1.381630847650984,0.052007812368911555,-0.7377605841122519,-1.391486772603658,-1.3427940803682796,-0.4781628620670779,-1.347756457084103
0.09863228520959505,0.20306625589612382,0.30062197878207464,-0.30057924996903357,0.9304306785410166,-0.4997393257699399,0.9023701150865329,-1.2591988400273437
-1.042535238096061,-1.156156986658718,-1.516939786583539,-0.9077672594877828,-0.21598643638753368,-0.4293630647372588,-1.9548633347187312,-1.6654743456596264
1.8153527424345925,0.5587152661121764,0.4943496339515413,1.0655243932462566,0.32360317832647834,0.9337892781089135,-0.11300696418721412,2.4651965199424284
1.0690017942899843,0.16308870940178735,-0.4715644183897683,0.040806642149617656,0.38618058693928015,1.5672806380734876,0.3582647660176026,0.4931160582272748
-0.3921076597157162,0.6712881934423636,-0.2472533823266032,-1.280922472916863,0.37034303176181926,-1.0928893025492943,-0.5061649991971866,-0.9944001109787479
0.6040515095056533,-0.03275091096466387,1.2523945981756717,0.13901408001710935,-1.6539764885801982,-1.576487650634554,-0.7598075538453892,-0.3812306163849486
-3.370432723914605,-2.1567400789255555,-1.2121755247624277,-0.18752828653839626,-2.7420075844783702,-2.026520222576921,-1.3292865749170326,-2.0215377797224576
1.5175723313628309,1.608681756648537,2.085501133254285,0.8825507979928231,0.5505932072293045,1.101070244889297,1.0246225617695817,1.870952308330116
-1.3167574350744438,-1.3977075831317154,-1.7998218852856112,-2.435046082210634,-2.434085296390384,-1.15450828055054,-2.167445380737453,-2.0228804354833816
1.8727775416634533,0.3324565942663029,0.24630770775645563,-0.02169567181664006,0.35184597802216466,0.23397242882032454,2.5546352045417415,1.1416567318372046
-0.08506972893738517,-0.44480908562568056,-0.7028267722971215,-1.7461904926274783,0.9155396309846607,-0.014256559967529614,-0.5730797087207282,-1.0387353362094425
-0.4706421769452468,-0.31506555836547645,-1.517864082738435,-1.7339744739646945,-1.6150505829650141,-1.9324649597402281,-1.584523783196342,-0.7399539819615633
0.3033272264516573,1.2548443739684982,-0.8047860084510249,-0.8950951072604937,-1.564514965487661,-0.09515066000970118,0.6402525348444211,-1.0385121055559114
-1.133853824296029,-0.26975197223206704,-0.914684025312348,0.4403787301971376,0.21751044711184925,-0.3445526723964944,-1.413922452933104,0.2507556561872858
1.2027887731696962,2.3761080467190783,1.553797692640559,1.7917685176664184,0.5528667027541734,2.613290313662623,1.7077679434514599,2.304600719267774
-0.4111649760702977,-1.7584625826920577,-0.48215793021553865,-1.5722175227466468,-0.6723542683126492,-0.2224713109745969,0.16708074217007896,-0.4817958570437133
